CustomerID,Age,Gender,MaritalStatus,IncomeLevel,transaction_count,total_spent,avg_spent,median_spent,max_spent,min_spent,spend_std,unique_product_categories,weekend_transaction_rate,days_since_last_transaction,transaction_history_days,transactions_per_active_day,tx_category_count_Books,tx_category_count_Clothing,tx_category_count_Electronics,tx_category_count_Furniture,tx_category_count_Groceries,service_interaction_count,unresolved_interaction_count,complaint_count,unresolved_rate,days_since_last_service_interaction,service_history_days,service_type_count_Complaint,service_type_count_Feedback,service_type_count_Inquiry,service_resolution_count_Resolved,service_resolution_count_Unresolved,LoginFrequency,ServiceUsage,days_since_last_login,ChurnStatus,avg_spend_per_login,service_interactions_per_transaction,complaints_per_transaction,low_login_frequency_flag
1,62,M,Single,Low,1,416.5,416.5,416.5,416.5,416.5,0.0,1,1.0,279,0,1.0,0,0,1,0,0,1.0,0.0,0.0,0.0,274.0,0.0,0.0,0.0,1.0,1.0,0.0,34,Mobile App,71,0,12.25,1.0,0.0,0
2,65,M,Married,Low,7,1547.4199999999998,221.05999999999997,199.73,397.37,54.96,119.9237479956882,4,0.42857142857142855,42,314,0.022222222222222223,0,2,3,1,1,1.0,0.0,0.0,0.0,288.0,0.0,0.0,0.0,1.0,1.0,0.0,5,Website,26,1,309.484,0.14285714285714285,0.0,1
3,18,M,Single,Low,6,1702.98,283.83,293.79,419.95,51.07,133.48040904941817,4,0.5,84,239,0.025,1,1,0,2,2,1.0,0.0,0.0,0.0,128.0,0.0,0.0,0.0,1.0,1.0,0.0,3,Website,46,0,567.66,0.16666666666666666,0.0,1
4,21,M,Widowed,Low,5,917.29,183.458,125.64,382.39,44.22,131.57823896830357,4,0.4,4,219,0.022727272727272728,0,1,2,1,1,2.0,1.0,0.0,0.5,42.0,138.0,0.0,0.0,2.0,1.0,1.0,2,Website,128,0,458.645,0.4,0.0,1
5,21,M,Divorced,Medium,8,2001.49,250.18625,219.48,475.69,69.86,129.77820903784823,3,0.0,10,303,0.02631578947368421,0,0,3,2,3,0.0,0.0,0.0,0.0,0.0,0.0,0.0,0.0,0.0,0.0,0.0,41,Website,65,0,48.816829268292686,0.0,0.0,0
6,57,F,Divorced,Medium,5,1164.29,232.858,204.16,448.86,41.7,171.92925818487092,4,0.4,63,118,0.04201680672268908,1,1,1,2,0,1.0,0.0,0.0,0.0,239.0,0.0,0.0,1.0,0.0,1.0,0.0,2,Website,105,0,582.145,0.2,0.0,1
7,27,F,Married,High,1,86.73,86.73,86.73,86.73,86.73,0.0,1,0.0,68,0,1.0,1,0,0,0,0,0.0,0.0,0.0,0.0,0.0,0.0,0.0,0.0,0.0,0.0,0.0,32,Mobile App,358,0,2.7103125,0.0,0.0,0
8,37,M,Single,Low,7,2046.88,292.4114285714286,263.24,483.91,161.56,101.42153755959521,4,0.0,52,244,0.02857142857142857,2,2,1,2,0,2.0,2.0,0.0,1.0,108.0,137.0,0.0,1.0,1.0,0.0,2.0,17,Online Banking,253,1,120.40470588235294,0.2857142857142857,0.0,0
9,39,M,Divorced,High,5,1317.24,263.448,325.96,472.21,44.26,184.73078944777993,3,0.2,73,279,0.017857142857142856,0,2,1,0,2,1.0,0.0,0.0,0.0,137.0,0.0,0.0,0.0,1.0,1.0,0.0,24,Website,187,0,54.885,0.2,0.0,0
10,68,M,Married,High,7,1397.36,199.62285714285713,179.0,471.18,5.86,158.3819178141122,4,0.2857142857142857,61,285,0.024475524475524476,0,1,1,3,2,0.0,0.0,0.0,0.0,0.0,0.0,0.0,0.0,0.0,0.0,0.0,29,Online Banking,352,1,48.18482758620689,0.0,0.0,0
11,54,M,Divorced,Medium,5,1733.83,346.76599999999996,347.37,462.0,163.78,115.32365273438056,2,0.0,17,288,0.01730103806228374,3,0,0,0,2,2.0,1.0,0.0,0.5,63.0,275.0,0.0,2.0,0.0,1.0,1.0,30,Online Banking,343,0,57.794333333333334,0.4,0.0,0
12,41,F,Married,Low,1,87.1,87.1,87.1,87.1,87.1,0.0,1,0.0,59,0,1.0,0,0,1,0,0,2.0,1.0,0.0,0.5,31.0,321.0,0.0,1.0,1.0,1.0,1.0,43,Website,0,0,2.025581395348837,2.0,0.0,0
13,24,F,Divorced,Low,3,392.02,130.67333333333332,164.72,173.13,54.17,66.38713755941984,3,0.3333333333333333,95,66,0.04477611940298507,1,1,1,0,0,1.0,0.0,1.0,0.0,156.0,0.0,1.0,0.0,0.0,1.0,0.0,10,Mobile App,179,0,39.202,0.3333333333333333,0.3333333333333333,0
14,42,M,Widowed,Medium,9,2843.59,315.95444444444445,335.44,478.59,150.22,139.54763676887467,4,0.3333333333333333,53,295,0.030405405405405407,1,1,0,3,4,2.0,1.0,1.0,0.5,154.0,4.0,1.0,1.0,0.0,1.0,1.0,26,Online Banking,355,0,109.36884615384616,0.2222222222222222,0.1111111111111111,0
15,42,M,Divorced,Medium,8,1914.02,239.2525,229.57,406.29,68.63,118.15795913582316,5,0.0,15,330,0.02416918429003021,2,1,1,2,2,2.0,2.0,1.0,1.0,73.0,256.0,1.0,1.0,0.0,0.0,2.0,44,Online Banking,199,0,43.500454545454545,0.25,0.125,0
16,30,F,Single,Medium,9,2019.79,224.42111111111112,159.18,470.53,52.67,137.18810138314151,4,0.3333333333333333,17,144,0.06206896551724138,4,1,1,3,0,2.0,0.0,0.0,0.0,113.0,70.0,0.0,0.0,2.0,2.0,0.0,41,Online Banking,291,1,49.26317073170732,0.2222222222222222,0.0,0
17,19,M,Married,Low,7,1625.27,232.18142857142857,124.02,444.06,67.2,167.27710307835235,5,0.14285714285714285,37,174,0.04,1,1,2,1,2,2.0,1.0,0.0,0.5,233.0,5.0,0.0,0.0,2.0,1.0,1.0,8,Online Banking,119,0,203.15875,0.2857142857142857,0.0,1
18,56,F,Married,High,5,951.3800000000001,190.276,164.11,281.73,97.23,76.00051565614538,3,0.0,123,228,0.021834061135371178,2,0,0,2,1,1.0,1.0,0.0,1.0,52.0,0.0,0.0,0.0,1.0,0.0,1.0,37,Website,37,1,25.712972972972977,0.2,0.0,0
19,57,F,Divorced,High,5,1017.26,203.452,125.66,477.83,11.82,214.31211927933518,3,0.0,9,227,0.021929824561403508,0,1,0,3,1,2.0,2.0,2.0,1.0,32.0,224.0,2.0,0.0,0.0,0.0,2.0,39,Online Banking,298,0,26.083589743589744,0.4,0.4,0
20,41,M,Single,Low,9,2775.85,308.42777777777775,324.99,488.22,39.34,161.95079860699806,5,0.2222222222222222,14,318,0.02821316614420063,1,3,1,1,3,1.0,0.0,0.0,0.0,164.0,0.0,0.0,1.0,0.0,1.0,0.0,16,Website,138,0,173.490625,0.1111111111111111,0.0,0
21,64,M,Divorced,High,5,913.02,182.60399999999998,153.58,380.48,64.35,124.96018497905644,2,0.4,151,167,0.02976190476190476,3,0,0,0,2,0.0,0.0,0.0,0.0,0.0,0.0,0.0,0.0,0.0,0.0,0.0,18,Website,198,0,50.72333333333333,0.0,0.0,0
22,42,F,Divorced,Low,6,1582.73,263.78833333333336,233.32,463.48,89.96,143.2174139435099,4,0.0,73,260,0.022988505747126436,1,1,0,3,1,2.0,0.0,0.0,0.0,146.0,211.0,0.0,0.0,2.0,2.0,0.0,42,Mobile App,239,0,37.68404761904762,0.3333333333333333,0.0,0
23,35,F,Divorced,Low,4,1490.74,372.685,380.32500000000005,457.01,273.08,80.6926954562803,2,0.25,54,292,0.013651877133105802,2,0,0,0,2,2.0,1.0,2.0,0.5,287.0,23.0,2.0,0.0,0.0,1.0,1.0,19,Mobile App,177,0,78.46,0.5,0.5,0
24,55,M,Widowed,Medium,5,1143.22,228.644,128.8,485.5,21.11,213.9140935749676,4,0.2,19,304,0.01639344262295082,1,2,0,1,1,1.0,0.0,1.0,0.0,58.0,0.0,1.0,0.0,0.0,1.0,0.0,12,Mobile App,88,0,95.26833333333333,0.2,0.2,0
25,43,F,Married,Low,3,764.77,254.92333333333332,330.41,392.9,41.46,187.48652227115772,2,0.0,85,30,0.0967741935483871,1,0,0,0,2,1.0,0.0,0.0,0.0,24.0,0.0,0.0,1.0,0.0,1.0,0.0,27,Mobile App,319,0,28.324814814814815,0.3333333333333333,0.0,0
26,31,M,Single,Medium,3,571.76,190.58666666666667,207.37,318.48,45.91,137.05787621779837,3,0.6666666666666666,3,150,0.019867549668874173,1,1,0,1,0,1.0,0.0,1.0,0.0,18.0,0.0,1.0,0.0,0.0,1.0,0.0,45,Mobile App,93,1,12.705777777777778,0.3333333333333333,0.3333333333333333,0
27,26,M,Widowed,Medium,8,2210.6,276.325,316.625,415.81,57.85,124.4304931621322,5,0.25,51,310,0.02572347266881029,1,2,2,1,2,1.0,1.0,0.0,1.0,200.0,0.0,0.0,1.0,0.0,0.0,1.0,22,Mobile App,91,0,100.48181818181818,0.125,0.0,0
28,27,F,Widowed,High,6,1702.26,283.71,327.185,467.92,56.85,143.0756766190536,3,0.16666666666666666,13,346,0.01729106628242075,1,0,4,1,0,2.0,2.0,1.0,1.0,29.0,231.0,1.0,0.0,1.0,0.0,2.0,42,Online Banking,66,0,40.53,0.3333333333333333,0.16666666666666666,0
29,38,F,Divorced,Medium,3,853.0699999999999,284.3566666666666,389.21,438.71,25.15,225.83984266141644,2,0.6666666666666666,98,215,0.013888888888888888,1,2,0,0,0,2.0,1.0,0.0,0.5,108.0,152.0,0.0,1.0,1.0,1.0,1.0,34,Website,120,0,25.09029411764706,0.6666666666666666,0.0,0
30,69,M,Divorced,High,2,706.66,353.33,353.33,448.78,257.88,134.98668452851192,2,0.5,105,127,0.015625,1,0,1,0,0,2.0,1.0,2.0,0.5,75.0,195.0,2.0,0.0,0.0,1.0,1.0,38,Website,172,0,18.59631578947368,1.0,1.0,0
31,34,M,Divorced,Low,5,1108.56,221.712,194.45,314.38,101.96,91.47003646003428,3,0.2,22,330,0.015105740181268883,2,2,0,1,0,2.0,0.0,1.0,0.0,195.0,40.0,1.0,0.0,1.0,2.0,0.0,23,Online Banking,136,0,48.19826086956522,0.4,0.2,0
32,69,F,Married,High,5,1225.52,245.10399999999998,210.01,460.5,111.98,144.88205627337013,4,0.2,88,217,0.022935779816513763,1,1,1,0,2,0.0,0.0,0.0,0.0,0.0,0.0,0.0,0.0,0.0,0.0,0.0,48,Mobile App,359,0,25.531666666666666,0.0,0.0,0
33,23,M,Divorced,High,2,689.0,344.5,344.5,356.54,332.46,17.027131290972093,2,0.5,54,92,0.021505376344086023,0,1,0,0,1,1.0,0.0,0.0,0.0,214.0,0.0,0.0,1.0,0.0,1.0,0.0,24,Mobile App,226,1,28.708333333333332,0.5,0.0,0
34,33,M,Widowed,High,9,1886.4,209.60000000000002,240.24,383.48,51.23,109.65274095981368,4,0.4444444444444444,9,348,0.025787965616045846,1,4,2,2,0,2.0,1.0,0.0,0.5,181.0,44.0,0.0,2.0,0.0,1.0,1.0,44,Online Banking,272,0,42.872727272727275,0.2222222222222222,0.0,0
35,65,M,Married,Low,3,779.8399999999999,259.94666666666666,172.58,471.59,135.67,184.2152611303779,3,0.3333333333333333,114,158,0.018867924528301886,1,0,1,1,0,1.0,1.0,1.0,1.0,176.0,0.0,1.0,0.0,0.0,0.0,1.0,19,Mobile App,222,0,41.04421052631579,0.3333333333333333,0.3333333333333333,0
36,18,F,Widowed,Low,6,1321.5500000000002,220.25833333333335,148.215,452.54,54.72,184.25456633871158,4,0.16666666666666666,65,239,0.025,1,1,3,0,1,1.0,0.0,0.0,0.0,63.0,0.0,0.0,1.0,0.0,1.0,0.0,6,Online Banking,323,0,220.25833333333335,0.16666666666666666,0.0,1
37,36,F,Married,Medium,9,3166.88,351.8755555555556,413.56,495.59,95.14,144.519362553181,4,0.3333333333333333,24,335,0.026785714285714284,1,4,0,3,1,1.0,0.0,1.0,0.0,285.0,0.0,1.0,0.0,0.0,1.0,0.0,3,Online Banking,125,0,1055.6266666666668,0.1111111111111111,0.1111111111111111,1
38,53,F,Married,Low,3,874.86,291.62,418.55,431.43,24.88,231.0933670618869,2,0.3333333333333333,26,285,0.01048951048951049,1,0,0,0,2,1.0,0.0,0.0,0.0,280.0,0.0,0.0,0.0,1.0,1.0,0.0,47,Online Banking,34,0,18.61404255319149,0.3333333333333333,0.0,0
39,42,M,Married,Medium,5,1191.94,238.388,315.91,439.79,12.77,179.07619110311677,3,0.8,20,249,0.02,0,0,2,2,1,0.0,0.0,0.0,0.0,0.0,0.0,0.0,0.0,0.0,0.0,0.0,26,Online Banking,345,0,45.84384615384616,0.0,0.0,0
40,67,F,Widowed,Low,7,1578.3500000000001,225.47857142857146,281.66,339.69,81.78,110.07539271314175,3,0.0,151,203,0.03431372549019608,0,0,2,2,3,1.0,0.0,1.0,0.0,37.0,0.0,1.0,0.0,0.0,1.0,0.0,20,Website,78,0,78.9175,0.14285714285714285,0.14285714285714285,0
41,69,F,Married,High,2,363.22,181.61,181.61,329.86,33.36,209.65716062181133,2,0.5,319,9,0.2,0,1,0,1,0,1.0,1.0,0.0,1.0,307.0,0.0,0.0,0.0,1.0,0.0,1.0,38,Mobile App,180,1,9.55842105263158,0.5,0.0,0
42,47,M,Widowed,Medium,3,530.61,176.87,110.57,326.29,93.75,129.67451715738142,2,0.0,71,190,0.015706806282722512,2,0,0,0,1,0.0,0.0,0.0,0.0,0.0,0.0,0.0,0.0,0.0,0.0,0.0,10,Mobile App,167,0,53.061,0.0,0.0,0
43,37,M,Single,Low,7,2213.63,316.23285714285714,325.4,396.79,218.4,63.38501261189055,4,0.42857142857142855,59,247,0.028225806451612902,1,3,1,0,2,2.0,1.0,0.0,0.5,44.0,229.0,0.0,0.0,2.0,1.0,1.0,25,Mobile App,220,0,88.54520000000001,0.2857142857142857,0.0,0
44,37,F,Widowed,Low,3,687.8199999999999,229.2733333333333,227.58,423.71,36.53,193.59555427058064,2,0.6666666666666666,38,290,0.010309278350515464,0,0,1,0,2,1.0,1.0,0.0,1.0,256.0,0.0,0.0,1.0,0.0,0.0,1.0,35,Mobile App,48,0,19.651999999999997,0.3333333333333333,0.0,0
45,32,F,Widowed,Low,1,300.42,300.42,300.42,300.42,300.42,0.0,1,0.0,8,0,1.0,0,0,0,0,1,1.0,1.0,1.0,1.0,188.0,0.0,1.0,0.0,0.0,0.0,1.0,49,Online Banking,120,0,6.131020408163265,1.0,1.0,0
46,57,F,Married,High,1,134.67,134.67,134.67,134.67,134.67,0.0,1,1.0,133,0,1.0,0,0,1,0,0,0.0,0.0,0.0,0.0,0.0,0.0,0.0,0.0,0.0,0.0,0.0,24,Online Banking,153,1,5.611249999999999,0.0,0.0,0
47,50,F,Married,Medium,7,1466.37,209.48142857142855,180.48,336.93,49.88,102.09593877469229,5,0.42857142857142855,42,234,0.029787234042553193,1,1,1,3,1,0.0,0.0,0.0,0.0,0.0,0.0,0.0,0.0,0.0,0.0,0.0,21,Website,256,0,69.82714285714285,0.0,0.0,0
48,19,M,Divorced,Medium,7,1597.29,228.18428571428572,191.81,429.87,72.34,125.39075681739104,5,0.42857142857142855,22,202,0.034482758620689655,2,1,2,1,1,0.0,0.0,0.0,0.0,0.0,0.0,0.0,0.0,0.0,0.0,0.0,34,Website,202,0,46.97911764705882,0.0,0.0,0
49,27,F,Single,Medium,3,641.48,213.82666666666668,223.89,354.86,62.73,146.3247663019946,3,0.3333333333333333,207,98,0.030303030303030304,1,0,1,0,1,0.0,0.0,0.0,0.0,0.0,0.0,0.0,0.0,0.0,0.0,0.0,18,Online Banking,315,0,35.63777777777778,0.0,0.0,0
50,50,F,Single,Low,4,1514.62,378.655,387.82500000000005,469.96,269.01,85.42003843751573,3,0.5,22,334,0.011940298507462687,0,1,0,1,2,2.0,2.0,1.0,1.0,57.0,249.0,1.0,1.0,0.0,0.0,2.0,19,Online Banking,169,0,79.71684210526315,0.5,0.25,0
51,49,M,Divorced,Medium,3,549.86,183.28666666666666,50.08,476.36,23.42,254.15875537414274,3,0.0,164,118,0.025210084033613446,1,0,1,1,0,0.0,0.0,0.0,0.0,0.0,0.0,0.0,0.0,0.0,0.0,0.0,3,Mobile App,61,1,183.28666666666666,0.0,0.0,1
52,28,M,Widowed,Medium,1,401.25,401.25,401.25,401.25,401.25,0.0,1,0.0,317,0,1.0,0,0,0,0,1,0.0,0.0,0.0,0.0,0.0,0.0,0.0,0.0,0.0,0.0,0.0,6,Mobile App,318,0,66.875,0.0,0.0,1
53,41,F,Widowed,Low,7,1255.34,179.3342857142857,195.81,420.01,34.48,136.35939166496047,4,0.2857142857142857,3,290,0.024054982817869417,2,1,0,1,3,0.0,0.0,0.0,0.0,0.0,0.0,0.0,0.0,0.0,0.0,0.0,20,Mobile App,90,0,62.766999999999996,0.0,0.0,0
54,53,F,Married,Low,2,461.21000000000004,230.60500000000002,230.60500000000002,283.1,178.11,74.23914095677563,2,0.0,180,21,0.09090909090909091,1,0,0,0,1,2.0,0.0,1.0,0.0,39.0,313.0,1.0,1.0,0.0,2.0,0.0,22,Online Banking,345,0,20.96409090909091,1.0,0.5,0
55,29,F,Single,Low,5,1129.35,225.86999999999998,127.82,433.0,101.59,151.0633691534781,3,0.2,116,241,0.02066115702479339,0,2,0,2,1,0.0,0.0,0.0,0.0,0.0,0.0,0.0,0.0,0.0,0.0,0.0,33,Website,135,0,34.22272727272727,0.0,0.0,0
56,68,F,Married,Low,5,1443.46,288.692,255.32,462.05,138.07,126.6637427206381,4,0.2,16,212,0.023474178403755867,2,1,1,0,1,0.0,0.0,0.0,0.0,0.0,0.0,0.0,0.0,0.0,0.0,0.0,14,Mobile App,133,0,103.10428571428572,0.0,0.0,0
57,46,F,Divorced,High,3,597.75,199.25,216.17,295.23,86.35,105.46292429095641,3,0.0,33,280,0.010676156583629894,1,0,1,0,1,1.0,1.0,1.0,1.0,23.0,0.0,1.0,0.0,0.0,0.0,1.0,44,Online Banking,164,0,13.585227272727273,0.3333333333333333,0.3333333333333333,0
58,52,M,Single,High,6,2215.82,369.30333333333334,341.54999999999995,467.63,305.23,70.25520213241627,4,0.16666666666666666,43,272,0.02197802197802198,1,3,1,0,1,2.0,2.0,1.0,1.0,166.0,177.0,1.0,0.0,1.0,0.0,2.0,9,Online Banking,258,0,246.20222222222225,0.3333333333333333,0.16666666666666666,1
59,18,M,Married,Medium,3,292.51,97.50333333333333,101.31,139.62,51.58,44.143271665490914,2,0.3333333333333333,30,129,0.023076923076923078,0,0,2,1,0,0.0,0.0,0.0,0.0,0.0,0.0,0.0,0.0,0.0,0.0,0.0,45,Online Banking,20,0,6.500222222222222,0.0,0.0,0
60,18,F,Single,High,4,781.09,195.2725,156.555,457.37,10.61,194.45063133093703,4,0.0,11,321,0.012422360248447204,1,1,1,0,1,2.0,1.0,0.0,0.5,205.0,73.0,0.0,2.0,0.0,1.0,1.0,25,Mobile App,304,0,31.2436,0.5,0.0,0
61,54,M,Single,Low,3,678.97,226.32333333333335,252.72,308.15,118.1,97.73606618507486,2,0.3333333333333333,81,262,0.011406844106463879,0,0,2,1,0,1.0,0.0,1.0,0.0,264.0,0.0,1.0,0.0,0.0,1.0,0.0,47,Website,4,1,14.446170212765958,0.3333333333333333,0.3333333333333333,0
62,23,F,Married,High,4,840.0,210.0,194.08499999999998,359.92,91.91,127.90042663468067,4,0.25,35,326,0.012232415902140673,1,1,1,0,1,2.0,0.0,1.0,0.0,3.0,300.0,1.0,0.0,1.0,2.0,0.0,16,Mobile App,126,0,52.5,0.5,0.25,0
63,56,M,Married,Low,9,2205.11,245.01222222222225,229.33,436.58,68.98,130.2882392790863,5,0.3333333333333333,18,283,0.03169014084507042,1,1,1,4,2,0.0,0.0,0.0,0.0,0.0,0.0,0.0,0.0,0.0,0.0,0.0,7,Mobile App,219,0,315.0157142857143,0.0,0.0,1
64,58,F,Single,High,3,965.21,321.7366666666667,286.35,494.58,184.28,158.14766717638716,3,0.3333333333333333,13,230,0.012987012987012988,0,1,1,1,0,0.0,0.0,0.0,0.0,0.0,0.0,0.0,0.0,0.0,0.0,0.0,11,Online Banking,211,0,87.74636363636364,0.0,0.0,0
65,35,F,Divorced,Low,5,1359.8899999999999,271.97799999999995,195.94,462.37,118.54,156.60055130809724,3,0.4,44,127,0.0390625,0,0,2,1,2,0.0,0.0,0.0,0.0,0.0,0.0,0.0,0.0,0.0,0.0,0.0,27,Mobile App,97,0,50.36629629629629,0.0,0.0,0
66,33,M,Widowed,Medium,8,1409.11,176.13875,171.17000000000002,407.13,19.43,113.44935452029432,4,0.625,10,337,0.023668639053254437,1,2,2,0,3,0.0,0.0,0.0,0.0,0.0,0.0,0.0,0.0,0.0,0.0,0.0,40,Online Banking,136,0,35.22775,0.0,0.0,0
67,22,F,Single,Medium,4,701.76,175.44,185.05,301.42,30.24,138.2209484846635,2,0.25,52,277,0.014388489208633094,1,3,0,0,0,2.0,0.0,0.0,0.0,223.0,22.0,0.0,0.0,2.0,2.0,0.0,17,Online Banking,161,0,41.28,0.5,0.0,0
68,59,F,Divorced,High,4,886.4799999999999,221.61999999999998,232.83499999999998,363.53,57.28,125.74113275562082,4,0.25,55,178,0.0223463687150838,1,1,1,0,1,2.0,2.0,1.0,1.0,207.0,131.0,1.0,0.0,1.0,0.0,2.0,5,Website,159,1,177.296,0.5,0.25,1
69,60,F,Single,Low,4,1038.53,259.6325,242.47500000000002,421.42,132.16,126.81326833182717,3,0.25,27,262,0.015209125475285171,2,1,0,1,0,1.0,0.0,0.0,0.0,86.0,0.0,0.0,1.0,0.0,1.0,0.0,29,Mobile App,48,0,35.811379310344826,0.25,0.0,0
70,49,F,Married,Medium,7,2453.98,350.56857142857143,401.39,492.36,100.63,126.30457862228263,4,0.14285714285714285,18,343,0.020348837209302327,1,2,1,3,0,0.0,0.0,0.0,0.0,0.0,0.0,0.0,0.0,0.0,0.0,0.0,10,Mobile App,291,0,245.398,0.0,0.0,0
71,19,F,Divorced,Low,3,474.59000000000003,158.1966666666667,166.05,172.53,136.01,19.485474932198446,2,0.3333333333333333,58,298,0.010033444816053512,0,1,0,0,2,2.0,1.0,0.0,0.5,261.0,82.0,0.0,1.0,1.0,1.0,1.0,47,Online Banking,136,1,10.097659574468086,0.6666666666666666,0.0,0
72,19,F,Divorced,High,6,1080.4,180.0666666666667,149.89,388.6,20.1,152.0019999429832,3,0.16666666666666666,39,307,0.01948051948051948,0,3,2,0,1,2.0,1.0,2.0,0.5,356.0,6.0,2.0,0.0,0.0,1.0,1.0,25,Online Banking,250,1,43.216,0.3333333333333333,0.3333333333333333,0
73,57,M,Single,Low,9,2254.22,250.46888888888887,231.01,451.24,102.27,121.23771633081479,3,0.0,45,310,0.028938906752411574,0,4,3,0,2,1.0,0.0,0.0,0.0,137.0,0.0,0.0,0.0,1.0,1.0,0.0,24,Online Banking,65,1,93.92583333333333,0.1111111111111111,0.0,0
74,59,M,Widowed,Low,8,2083.79,260.47375,253.505,443.75,58.9,130.55946504371101,5,0.25,126,154,0.05161290322580645,1,3,1,2,1,1.0,0.0,1.0,0.0,303.0,0.0,1.0,0.0,0.0,1.0,0.0,44,Mobile App,315,0,47.35886363636364,0.125,0.125,0
75,53,F,Single,High,4,769.97,192.4925,226.515,259.91,57.03,92.21556209049895,4,0.25,0,130,0.030534351145038167,1,1,1,1,0,1.0,0.0,0.0,0.0,131.0,0.0,0.0,0.0,1.0,1.0,0.0,12,Mobile App,197,1,64.16416666666667,0.25,0.0,0
76,56,F,Widowed,Medium,4,883.92,220.98,179.19,470.61,54.93,197.2234526283998,2,0.25,24,271,0.014705882352941176,2,2,0,0,0,2.0,1.0,1.0,0.5,42.0,17.0,1.0,0.0,1.0,1.0,1.0,5,Website,236,1,176.784,0.5,0.25,1
77,29,M,Divorced,High,8,1797.06,224.6325,234.03,460.67,12.77,127.62067328610989,3,0.25,27,327,0.024390243902439025,2,4,0,2,0,0.0,0.0,0.0,0.0,0.0,0.0,0.0,0.0,0.0,0.0,0.0,29,Online Banking,77,0,61.96758620689655,0.0,0.0,0
78,64,M,Widowed,Low,3,816.89,272.2966666666667,361.23,377.08,78.58,167.9506351084548,2,0.3333333333333333,259,46,0.06382978723404255,0,1,0,0,2,1.0,1.0,0.0,1.0,37.0,0.0,0.0,0.0,1.0,0.0,1.0,35,Mobile App,85,0,23.339714285714287,0.3333333333333333,0.0,0
79,36,M,Married,High,3,931.3199999999999,310.44,444.26,463.19,23.87,248.3573230247097,2,0.0,17,341,0.008771929824561403,2,0,0,1,0,1.0,0.0,1.0,0.0,336.0,0.0,1.0,0.0,0.0,1.0,0.0,23,Online Banking,255,1,40.49217391304347,0.3333333333333333,0.3333333333333333,0
80,45,M,Widowed,High,1,110.82,110.82,110.82,110.82,110.82,0.0,1,0.0,270,0,1.0,0,0,0,1,0,0.0,0.0,0.0,0.0,0.0,0.0,0.0,0.0,0.0,0.0,0.0,32,Mobile App,205,0,3.463125,0.0,0.0,0
81,18,F,Widowed,Low,8,2181.77,272.72125,241.555,494.59,97.01,161.3553819047969,4,0.125,122,219,0.03636363636363636,2,2,0,2,2,0.0,0.0,0.0,0.0,0.0,0.0,0.0,0.0,0.0,0.0,0.0,40,Website,28,1,54.54425,0.0,0.0,0
82,32,F,Divorced,High,1,232.38,232.38,232.38,232.38,232.38,0.0,1,0.0,333,0,1.0,0,1,0,0,0,0.0,0.0,0.0,0.0,0.0,0.0,0.0,0.0,0.0,0.0,0.0,19,Mobile App,237,0,12.230526315789474,0.0,0.0,0
83,53,M,Widowed,Medium,6,1419.9199999999998,236.6533333333333,199.345,458.03,42.55,163.95608493333413,4,0.5,77,280,0.021352313167259787,1,2,1,0,2,2.0,2.0,0.0,1.0,252.0,32.0,0.0,2.0,0.0,0.0,2.0,25,Mobile App,0,0,56.79679999999999,0.3333333333333333,0.0,0
84,30,M,Divorced,Medium,5,1545.91,309.182,273.85,477.4,220.53,107.97617408484149,4,0.2,16,322,0.015479876160990712,1,1,0,2,1,0.0,0.0,0.0,0.0,0.0,0.0,0.0,0.0,0.0,0.0,0.0,45,Online Banking,31,0,34.35355555555556,0.0,0.0,0
85,60,M,Married,High,9,1690.08,187.78666666666666,164.36,368.18,64.14,99.08596166965327,4,0.3333333333333333,25,265,0.03383458646616541,2,2,0,2,3,0.0,0.0,0.0,0.0,0.0,0.0,0.0,0.0,0.0,0.0,0.0,37,Mobile App,145,0,45.677837837837835,0.0,0.0,0
86,38,M,Married,Low,7,1674.6599999999999,239.23714285714283,275.83,452.17,9.19,159.2233681252311,3,0.14285714285714285,29,266,0.026217228464419477,0,3,1,0,3,0.0,0.0,0.0,0.0,0.0,0.0,0.0,0.0,0.0,0.0,0.0,1,Website,74,0,1674.6599999999999,0.0,0.0,1
87,29,F,Single,High,5,1411.84,282.368,280.78,472.13,48.02,187.97338314240133,4,0.2,5,153,0.032467532467532464,1,2,1,1,0,2.0,1.0,1.0,0.5,20.0,284.0,1.0,0.0,1.0,1.0,1.0,43,Website,39,0,32.83348837209302,0.4,0.2,0
88,22,M,Single,High,2,447.34000000000003,223.67000000000002,223.67000000000002,224.36,222.98,0.9758073580374625,2,0.5,140,198,0.010050251256281407,0,1,0,0,1,0.0,0.0,0.0,0.0,0.0,0.0,0.0,0.0,0.0,0.0,0.0,13,Online Banking,326,0,34.41076923076923,0.0,0.0,0
89,24,M,Single,Medium,7,1951.99,278.85571428571427,276.11,480.04,55.81,157.9536412851508,4,0.2857142857142857,80,220,0.03167420814479638,0,1,3,1,2,0.0,0.0,0.0,0.0,0.0,0.0,0.0,0.0,0.0,0.0,0.0,12,Mobile App,116,0,162.66583333333332,0.0,0.0,0
90,22,M,Married,Medium,6,1229.96,204.99333333333334,201.575,433.71,6.53,149.93762365285994,4,0.6666666666666666,1,356,0.01680672268907563,2,2,0,1,1,1.0,0.0,0.0,0.0,117.0,0.0,0.0,0.0,1.0,1.0,0.0,47,Online Banking,215,0,26.16936170212766,0.16666666666666666,0.0,0
91,65,F,Widowed,Low,9,1804.74,200.52666666666667,116.1,486.45,8.02,197.27293079639688,5,0.1111111111111111,64,298,0.030100334448160536,3,2,1,2,1,2.0,1.0,0.0,0.5,220.0,130.0,0.0,1.0,1.0,1.0,1.0,43,Mobile App,331,0,41.9706976744186,0.2222222222222222,0.0,0
92,21,F,Divorced,Low,8,2265.28,283.16,342.19000000000005,432.99,74.37,150.7763232644398,5,0.25,22,189,0.042105263157894736,1,1,1,2,3,2.0,1.0,0.0,0.5,85.0,192.0,0.0,1.0,1.0,1.0,1.0,37,Mobile App,183,0,61.22378378378379,0.25,0.0,0
93,30,F,Married,Low,5,848.07,169.614,138.08,359.19,43.8,117.1618300898377,3,0.2,21,191,0.026041666666666668,2,0,1,0,2,2.0,0.0,2.0,0.0,84.0,183.0,2.0,0.0,0.0,2.0,0.0,42,Mobile App,76,0,20.19214285714286,0.4,0.4,0
94,54,M,Widowed,High,3,1113.6100000000001,371.2033333333334,386.49,430.25,296.87,67.99130630700762,2,0.3333333333333333,2,239,0.0125,0,0,1,2,0,0.0,0.0,0.0,0.0,0.0,0.0,0.0,0.0,0.0,0.0,0.0,41,Website,187,0,27.161219512195125,0.0,0.0,0
95,58,F,Single,High,3,677.27,225.75666666666666,229.9,323.59,123.78,99.96941749021713,3,0.0,54,271,0.011029411764705883,0,1,0,1,1,1.0,0.0,1.0,0.0,153.0,0.0,1.0,0.0,0.0,1.0,0.0,12,Online Banking,194,0,56.439166666666665,0.3333333333333333,0.3333333333333333,0
96,32,F,Divorced,High,1,161.84,161.84,161.84,161.84,161.84,0.0,1,0.0,129,0,1.0,0,0,1,0,0,2.0,2.0,2.0,1.0,313.0,25.0,2.0,0.0,0.0,0.0,2.0,36,Mobile App,307,0,4.495555555555556,2.0,2.0,0
97,33,M,Single,High,2,553.65,276.825,276.825,398.53,155.12,172.1168616086175,1,0.5,111,138,0.014388489208633094,0,0,0,2,0,2.0,0.0,1.0,0.0,141.0,117.0,1.0,0.0,1.0,2.0,0.0,38,Website,11,0,14.569736842105263,1.0,0.5,0
98,38,F,Divorced,Low,5,893.76,178.752,141.59,286.81,87.76,82.7928606221575,4,0.0,50,301,0.016556291390728478,1,1,2,0,1,1.0,0.0,0.0,0.0,32.0,0.0,0.0,1.0,0.0,1.0,0.0,9,Mobile App,222,0,99.30666666666667,0.2,0.0,1
99,53,M,Widowed,Low,5,889.75,177.95,147.43,475.22,23.13,179.90227499951192,4,0.2,52,288,0.01730103806228374,1,1,1,0,2,0.0,0.0,0.0,0.0,0.0,0.0,0.0,0.0,0.0,0.0,0.0,14,Online Banking,324,0,63.55357142857143,0.0,0.0,0
100,41,F,Married,Low,4,1108.56,277.14,320.94,453.32,13.36,190.90220410810696,2,0.25,4,313,0.012738853503184714,0,2,0,0,2,2.0,0.0,1.0,0.0,29.0,301.0,1.0,1.0,0.0,2.0,0.0,45,Online Banking,212,1,24.634666666666664,0.5,0.25,0
101,33,F,Single,High,1,492.35,492.35,492.35,492.35,492.35,0.0,1,0.0,206,0,1.0,0,0,0,0,1,2.0,1.0,0.0,0.5,70.0,167.0,0.0,1.0,1.0,1.0,1.0,35,Online Banking,350,0,14.067142857142859,2.0,0.0,0
102,31,M,Married,High,6,2029.96,338.32666666666665,420.70500000000004,481.44,119.17,166.33276017269318,4,0.16666666666666666,1,316,0.01892744479495268,0,1,2,1,2,2.0,1.0,1.0,0.5,61.0,57.0,1.0,1.0,0.0,1.0,1.0,32,Online Banking,351,0,63.43625,0.3333333333333333,0.16666666666666666,0
103,39,M,Widowed,Low,9,2297.73,255.30333333333334,244.38,469.32,68.4,140.70201233457894,4,0.2222222222222222,11,353,0.025423728813559324,2,2,2,3,0,2.0,0.0,0.0,0.0,5.0,89.0,0.0,2.0,0.0,2.0,0.0,46,Mobile App,248,0,49.95065217391304,0.2222222222222222,0.0,0
104,66,F,Widowed,Medium,9,2666.84,296.3155555555556,397.53,483.57,124.52,163.57252283858,4,0.0,12,326,0.027522935779816515,0,2,5,1,1,2.0,1.0,0.0,0.5,252.0,109.0,0.0,0.0,2.0,1.0,1.0,3,Online Banking,283,1,888.9466666666667,0.2222222222222222,0.0,1
105,67,F,Widowed,Low,8,1863.6,232.95,261.61,444.57,43.61,142.12403174692164,3,0.0,11,323,0.024691358024691357,0,2,0,4,2,2.0,2.0,0.0,1.0,75.0,130.0,0.0,0.0,2.0,0.0,2.0,30,Website,7,0,62.12,0.25,0.0,0
106,23,M,Married,High,3,875.08,291.6933333333333,244.22,499.56,131.3,188.66410610747698,3,0.3333333333333333,32,323,0.009259259259259259,0,1,0,1,1,2.0,1.0,1.0,0.5,223.0,18.0,1.0,0.0,1.0,1.0,1.0,49,Mobile App,164,0,17.858775510204083,0.6666666666666666,0.3333333333333333,0
107,59,F,Married,High,6,1542.76,257.12666666666667,240.37,481.43,9.93,191.18314127209717,4,0.16666666666666666,35,276,0.021660649819494584,1,2,0,2,1,0.0,0.0,0.0,0.0,0.0,0.0,0.0,0.0,0.0,0.0,0.0,7,Online Banking,338,1,220.3942857142857,0.0,0.0,1
108,53,M,Divorced,Low,2,494.30999999999995,247.15499999999997,247.15499999999997,365.58,128.73,167.47824112403376,2,0.0,74,119,0.016666666666666666,1,1,0,0,0,2.0,2.0,0.0,1.0,47.0,116.0,0.0,1.0,1.0,0.0,2.0,1,Mobile App,282,1,494.30999999999995,1.0,0.0,1
109,18,M,Married,Medium,6,1274.7,212.45000000000002,234.29000000000002,348.8,15.53,126.76153801528285,5,0.5,7,330,0.01812688821752266,2,1,1,1,1,2.0,2.0,1.0,1.0,19.0,211.0,1.0,0.0,1.0,0.0,2.0,20,Mobile App,247,0,63.735,0.3333333333333333,0.16666666666666666,0
110,49,M,Married,Medium,3,723.0,241.0,301.71,356.25,65.04,154.806634547748,3,0.3333333333333333,48,107,0.027777777777777776,1,1,1,0,0,2.0,0.0,0.0,0.0,25.0,119.0,0.0,1.0,1.0,2.0,0.0,25,Website,82,1,28.92,0.6666666666666666,0.0,0
111,23,F,Widowed,High,2,613.1800000000001,306.59000000000003,306.59000000000003,350.44,262.74,62.01326471006019,2,1.0,83,266,0.00749063670411985,1,0,0,1,0,1.0,1.0,0.0,1.0,300.0,0.0,0.0,0.0,1.0,0.0,1.0,33,Website,197,1,18.581212121212122,0.5,0.0,0
112,48,F,Divorced,High,3,750.17,250.05666666666664,223.78,338.38,188.01,78.5533680584947,3,0.3333333333333333,2,343,0.00872093023255814,1,1,0,1,0,1.0,0.0,0.0,0.0,296.0,0.0,0.0,0.0,1.0,1.0,0.0,35,Website,76,0,21.43342857142857,0.3333333333333333,0.0,0
113,18,F,Married,High,7,1834.01,262.00142857142856,213.16,479.5,27.17,196.96165214144025,4,0.42857142857142855,73,277,0.025179856115107913,2,1,2,2,0,1.0,1.0,1.0,1.0,136.0,0.0,1.0,0.0,0.0,0.0,1.0,44,Online Banking,263,0,41.68204545454545,0.14285714285714285,0.14285714285714285,0
114,67,F,Married,Low,8,2133.28,266.66,288.365,476.62,42.8,144.76997380080482,5,0.25,27,333,0.023952095808383235,2,2,2,1,1,0.0,0.0,0.0,0.0,0.0,0.0,0.0,0.0,0.0,0.0,0.0,24,Website,151,0,88.88666666666667,0.0,0.0,0
115,68,F,Widowed,High,5,653.62,130.724,128.83,275.8,37.93,93.40802925873129,4,0.2,100,188,0.026455026455026454,1,2,1,1,0,0.0,0.0,0.0,0.0,0.0,0.0,0.0,0.0,0.0,0.0,0.0,14,Mobile App,101,0,46.68714285714286,0.0,0.0,0
116,54,M,Married,High,7,1504.28,214.89714285714285,185.09,364.59,76.68,108.28079665300547,3,0.2857142857142857,11,303,0.023026315789473683,4,0,2,1,0,1.0,0.0,1.0,0.0,218.0,0.0,1.0,0.0,0.0,1.0,0.0,39,Mobile App,133,0,38.57128205128205,0.14285714285714285,0.14285714285714285,0
117,52,F,Widowed,High,2,448.48,224.24,224.24,236.46,212.02,17.28168973219922,2,0.5,4,255,0.0078125,0,1,1,0,0,0.0,0.0,0.0,0.0,0.0,0.0,0.0,0.0,0.0,0.0,0.0,44,Online Banking,6,0,10.192727272727273,0.0,0.0,0
118,66,M,Divorced,Medium,6,1625.39,270.89833333333337,322.155,405.37,70.57,128.23296478155166,4,0.5,13,327,0.018292682926829267,1,2,2,1,0,1.0,1.0,0.0,1.0,331.0,0.0,0.0,0.0,1.0,0.0,1.0,34,Online Banking,91,0,47.805588235294124,0.16666666666666666,0.0,0
119,47,M,Widowed,Medium,8,2012.3300000000002,251.54125000000002,265.18,380.8,61.45,105.33605276684712,5,0.125,57,276,0.02888086642599278,1,2,1,1,3,2.0,0.0,1.0,0.0,307.0,38.0,1.0,1.0,0.0,2.0,0.0,18,Mobile App,277,1,111.79611111111112,0.25,0.125,0
120,21,F,Widowed,High,6,1168.79,194.79833333333332,118.89,453.15,54.9,171.24849645082045,3,0.0,2,234,0.02553191489361702,3,0,2,0,1,2.0,1.0,1.0,0.5,53.0,166.0,1.0,1.0,0.0,1.0,1.0,2,Online Banking,311,0,584.395,0.3333333333333333,0.16666666666666666,1
121,52,M,Divorced,Medium,5,1073.01,214.602,118.33,492.28,27.84,190.052139872194,4,0.4,39,277,0.017985611510791366,1,1,0,2,1,2.0,1.0,2.0,0.5,24.0,242.0,2.0,0.0,0.0,1.0,1.0,38,Mobile App,113,0,28.237105263157893,0.4,0.4,0
122,60,F,Single,Medium,9,2825.52,313.94666666666666,341.2,491.19,6.3,177.30779607789387,5,0.1111111111111111,15,270,0.033210332103321034,1,2,2,1,3,1.0,0.0,0.0,0.0,273.0,0.0,0.0,1.0,0.0,1.0,0.0,17,Mobile App,200,1,166.20705882352942,0.1111111111111111,0.0,0
123,31,M,Widowed,Medium,3,938.58,312.86,375.92,442.76,119.9,170.41733362542675,2,0.3333333333333333,15,179,0.016666666666666666,0,0,1,0,2,2.0,0.0,0.0,0.0,49.0,86.0,0.0,0.0,2.0,2.0,0.0,23,Mobile App,291,1,40.807826086956524,0.6666666666666666,0.0,0
124,66,M,Married,Medium,7,2283.88,326.2685714285714,318.29,494.01,116.2,125.96517804914333,4,0.2857142857142857,34,260,0.02681992337164751,2,2,2,1,0,2.0,0.0,0.0,0.0,5.0,21.0,0.0,1.0,1.0,2.0,0.0,33,Website,315,0,69.20848484848486,0.2857142857142857,0.0,0
125,57,M,Widowed,Low,2,744.89,372.445,372.445,374.94,369.95,3.5284628381208787,2,0.0,123,97,0.02040816326530612,0,0,1,0,1,0.0,0.0,0.0,0.0,0.0,0.0,0.0,0.0,0.0,0.0,0.0,28,Online Banking,193,0,26.603214285714284,0.0,0.0,0
126,39,F,Divorced,Medium,9,2323.02,258.11333333333334,215.41,456.04,10.61,173.8621910450918,4,0.3333333333333333,49,268,0.03345724907063197,1,4,0,1,3,0.0,0.0,0.0,0.0,0.0,0.0,0.0,0.0,0.0,0.0,0.0,15,Website,231,0,154.868,0.0,0.0,0
127,27,F,Married,Medium,8,1976.17,247.02125,228.39,488.18,58.39,173.72225381235089,4,0.375,0,308,0.025889967637540454,0,1,1,3,3,1.0,0.0,0.0,0.0,246.0,0.0,0.0,1.0,0.0,1.0,0.0,11,Website,347,0,179.6518181818182,0.125,0.0,0
128,18,F,Divorced,Medium,2,630.2,315.1,315.1,482.75,147.45,237.09290373184942,2,0.5,239,41,0.047619047619047616,1,1,0,0,0,2.0,1.0,2.0,0.5,135.0,76.0,2.0,0.0,0.0,1.0,1.0,23,Website,177,1,27.400000000000002,1.0,1.0,0
129,28,F,Widowed,Medium,2,243.55,121.775,121.775,127.65,115.9,8.308504678941933,2,0.0,32,253,0.007874015748031496,1,0,0,0,1,1.0,0.0,0.0,0.0,234.0,0.0,0.0,0.0,1.0,1.0,0.0,13,Website,285,0,18.734615384615385,0.5,0.0,0
130,68,M,Divorced,Low,2,552.23,276.115,276.115,391.42,160.81,163.06589480942972,1,0.0,54,216,0.009216589861751152,0,0,2,0,0,1.0,1.0,0.0,1.0,115.0,0.0,0.0,1.0,0.0,0.0,1.0,47,Mobile App,309,0,11.749574468085108,0.5,0.0,0
131,61,F,Divorced,Low,8,2726.7,340.8375,366.78,450.67,182.65,94.86169944413061,5,0.25,87,190,0.041884816753926704,2,1,3,1,1,1.0,0.0,0.0,0.0,27.0,0.0,0.0,0.0,1.0,1.0,0.0,11,Website,98,0,247.88181818181818,0.125,0.0,0
132,41,F,Single,High,9,1879.94,208.88222222222223,230.72,405.19,11.23,149.13748202395143,5,0.3333333333333333,73,279,0.03214285714285714,1,1,3,1,3,0.0,0.0,0.0,0.0,0.0,0.0,0.0,0.0,0.0,0.0,0.0,36,Website,199,0,52.220555555555556,0.0,0.0,0
133,20,M,Widowed,Medium,4,896.27,224.0675,221.98000000000002,376.77,75.54,153.2701178475439,2,0.0,124,237,0.01680672268907563,0,0,2,0,2,1.0,0.0,0.0,0.0,140.0,0.0,0.0,0.0,1.0,1.0,0.0,38,Mobile App,262,0,23.586052631578948,0.25,0.0,0
134,52,M,Widowed,Medium,6,1570.08,261.68,235.35500000000002,478.02,93.12,141.1092933863677,4,0.3333333333333333,2,321,0.018633540372670808,0,2,1,1,2,1.0,1.0,0.0,1.0,248.0,0.0,0.0,0.0,1.0,0.0,1.0,27,Mobile App,360,0,58.151111111111106,0.16666666666666666,0.0,0
135,53,F,Widowed,High,2,441.75,220.875,220.875,372.66,69.09,214.65640556480025,2,0.0,221,89,0.022222222222222223,1,0,1,0,0,0.0,0.0,0.0,0.0,0.0,0.0,0.0,0.0,0.0,0.0,0.0,18,Mobile App,195,0,24.541666666666668,0.0,0.0,0
136,48,M,Widowed,Low,2,419.86,209.93,209.93,228.16,191.7,25.781113242061537,2,0.0,1,136,0.014598540145985401,1,0,0,1,0,0.0,0.0,0.0,0.0,0.0,0.0,0.0,0.0,0.0,0.0,0.0,40,Mobile App,54,0,10.496500000000001,0.0,0.0,0
137,21,F,Married,High,1,431.47,431.47,431.47,431.47,431.47,0.0,1,1.0,195,0,1.0,0,0,1,0,0,0.0,0.0,0.0,0.0,0.0,0.0,0.0,0.0,0.0,0.0,0.0,38,Online Banking,195,1,11.354473684210527,0.0,0.0,0
138,36,M,Divorced,Low,8,2804.65,350.58125,375.13,498.24,120.37,122.8564564775262,4,0.25,82,267,0.029850746268656716,2,3,2,1,0,1.0,1.0,0.0,1.0,305.0,0.0,0.0,0.0,1.0,0.0,1.0,34,Online Banking,286,0,82.48970588235295,0.125,0.0,0
139,64,F,Widowed,High,7,2045.49,292.21285714285716,280.48,493.64,46.89,157.859054403423,2,0.42857142857142855,162,152,0.0457516339869281,0,2,5,0,0,2.0,1.0,0.0,0.5,165.0,121.0,0.0,1.0,1.0,1.0,1.0,22,Website,211,0,92.97681818181819,0.2857142857142857,0.0,0
140,53,M,Married,High,3,1024.23,341.41,445.89,490.3,88.04,220.54552749942582,2,0.0,110,32,0.09090909090909091,0,2,0,0,1,1.0,0.0,0.0,0.0,247.0,0.0,0.0,1.0,0.0,1.0,0.0,18,Mobile App,71,0,56.90166666666667,0.3333333333333333,0.0,0
141,38,F,Widowed,Medium,7,2483.75,354.82142857142856,426.75,485.11,142.43,152.52920468209484,4,0.5714285714285714,27,266,0.026217228464419477,0,2,2,1,2,2.0,0.0,2.0,0.0,221.0,114.0,2.0,0.0,0.0,2.0,0.0,41,Online Banking,186,0,60.579268292682926,0.2857142857142857,0.2857142857142857,0
142,35,M,Divorced,High,5,1391.99,278.398,306.78,395.87,157.67,102.52192531356404,3,0.2,31,183,0.02717391304347826,2,2,0,0,1,1.0,1.0,0.0,1.0,301.0,0.0,0.0,1.0,0.0,0.0,1.0,18,Mobile App,248,0,77.33277777777778,0.2,0.0,0
143,68,F,Widowed,Low,2,343.27,171.635,171.635,198.99,144.28,38.68581199871603,1,0.0,298,12,0.15384615384615385,2,0,0,0,0,1.0,0.0,0.0,0.0,23.0,0.0,0.0,0.0,1.0,1.0,0.0,13,Website,6,0,26.405384615384612,0.5,0.0,0
144,45,F,Married,Low,1,419.85,419.85,419.85,419.85,419.85,0.0,1,0.0,65,0,1.0,0,0,1,0,0,1.0,0.0,0.0,0.0,168.0,0.0,0.0,0.0,1.0,1.0,0.0,39,Online Banking,316,1,10.765384615384615,1.0,0.0,0
145,32,F,Married,High,5,1768.7,353.74,410.66,484.18,75.7,164.96436403053843,2,0.4,13,264,0.018867924528301886,4,0,0,1,0,2.0,2.0,1.0,1.0,64.0,25.0,1.0,1.0,0.0,0.0,2.0,16,Online Banking,81,0,110.54375,0.4,0.2,0
146,59,F,Divorced,Low,5,1373.73,274.746,267.25,418.07,34.12,155.01797292572238,4,0.4,7,184,0.02702702702702703,0,2,1,1,1,0.0,0.0,0.0,0.0,0.0,0.0,0.0,0.0,0.0,0.0,0.0,8,Mobile App,19,0,171.71625,0.0,0.0,1
147,19,F,Widowed,High,8,2260.34,282.5425,274.955,489.82,78.65,152.8084335509193,4,0.25,34,306,0.026058631921824105,1,4,0,1,2,2.0,1.0,1.0,0.5,41.0,151.0,1.0,1.0,0.0,1.0,1.0,34,Mobile App,120,0,66.48058823529412,0.25,0.125,0
148,54,F,Married,Medium,1,13.04,13.04,13.04,13.04,13.04,0.0,1,1.0,28,0,1.0,0,0,0,0,1,2.0,1.0,1.0,0.5,201.0,83.0,1.0,0.0,1.0,1.0,1.0,29,Website,297,0,0.44965517241379305,2.0,1.0,0
149,28,M,Single,Medium,1,444.84,444.84,444.84,444.84,444.84,0.0,1,0.0,247,0,1.0,1,0,0,0,0,1.0,0.0,1.0,0.0,290.0,0.0,1.0,0.0,0.0,1.0,0.0,6,Online Banking,317,0,74.14,1.0,1.0,1
150,40,F,Widowed,Medium,8,1193.26,149.1575,108.84,398.49,19.9,133.73184723275796,5,0.0,18,313,0.025477707006369428,2,2,2,1,1,0.0,0.0,0.0,0.0,0.0,0.0,0.0,0.0,0.0,0.0,0.0,38,Mobile App,185,0,31.40157894736842,0.0,0.0,0
151,61,M,Single,Medium,1,334.2,334.2,334.2,334.2,334.2,0.0,1,0.0,11,0,1.0,0,0,0,1,0,2.0,1.0,0.0,0.5,39.0,31.0,0.0,1.0,1.0,1.0,1.0,36,Mobile App,212,0,9.283333333333333,2.0,0.0,0
152,58,F,Married,High,7,1448.8,206.97142857142856,177.93,395.38,22.57,151.40330604366727,3,0.14285714285714285,18,320,0.021806853582554516,0,0,2,3,2,0.0,0.0,0.0,0.0,0.0,0.0,0.0,0.0,0.0,0.0,0.0,48,Mobile App,92,0,30.183333333333334,0.0,0.0,0
153,29,M,Married,Low,5,1735.16,347.03200000000004,385.58,485.08,185.34,126.66370265391741,4,0.2,82,218,0.0228310502283105,1,1,0,1,2,1.0,1.0,1.0,1.0,148.0,0.0,1.0,0.0,0.0,0.0,1.0,42,Online Banking,339,0,41.31333333333333,0.2,0.2,0
154,20,F,Divorced,High,7,1753.55,250.50714285714284,243.07,445.69,73.02,130.55113719845386,3,0.2857142857142857,139,212,0.03286384976525822,4,1,2,0,0,0.0,0.0,0.0,0.0,0.0,0.0,0.0,0.0,0.0,0.0,0.0,26,Mobile App,256,0,67.44423076923077,0.0,0.0,0
155,69,M,Divorced,Low,8,1883.08,235.385,263.25,433.5,29.66,184.44834003822626,4,0.0,73,236,0.03375527426160337,1,3,2,0,2,2.0,0.0,2.0,0.0,36.0,68.0,2.0,0.0,0.0,2.0,0.0,18,Website,267,0,104.61555555555555,0.25,0.25,0
156,34,F,Widowed,High,7,702.9200000000001,100.41714285714286,91.31,213.27,40.42,64.67766505636129,4,0.14285714285714285,189,162,0.04294478527607362,3,0,1,1,2,0.0,0.0,0.0,0.0,0.0,0.0,0.0,0.0,0.0,0.0,0.0,11,Mobile App,184,0,63.901818181818186,0.0,0.0,0
157,50,M,Married,Low,7,2412.6800000000003,344.66857142857145,377.72,496.79,127.19,151.21240452076802,4,0.2857142857142857,52,287,0.024305555555555556,1,2,0,1,3,0.0,0.0,0.0,0.0,0.0,0.0,0.0,0.0,0.0,0.0,0.0,27,Mobile App,201,0,89.35851851851852,0.0,0.0,0
158,18,F,Married,Low,7,1471.29,210.18428571428572,194.97,408.06,8.89,154.7219417597412,5,0.14285714285714285,71,259,0.026923076923076925,2,1,1,2,1,0.0,0.0,0.0,0.0,0.0,0.0,0.0,0.0,0.0,0.0,0.0,30,Online Banking,89,0,49.043,0.0,0.0,0
159,56,M,Married,High,1,25.75,25.75,25.75,25.75,25.75,0.0,1,0.0,276,0,1.0,0,0,1,0,0,2.0,2.0,1.0,1.0,262.0,10.0,1.0,0.0,1.0,0.0,2.0,18,Website,234,0,1.4305555555555556,2.0,1.0,0
160,37,M,Married,Medium,8,2053.13,256.64125,244.23,422.9,50.47,124.30605070177167,4,0.375,18,325,0.024539877300613498,2,0,2,2,2,2.0,1.0,1.0,0.5,164.0,151.0,1.0,0.0,1.0,1.0,1.0,43,Online Banking,243,1,47.74720930232559,0.25,0.125,0
161,64,M,Single,High,6,1983.84,330.64,358.21500000000003,399.28,226.07,69.60760217102725,4,0.16666666666666666,121,155,0.038461538461538464,0,1,3,1,1,1.0,1.0,1.0,1.0,187.0,0.0,1.0,0.0,0.0,0.0,1.0,4,Mobile App,160,0,495.96,0.16666666666666666,0.16666666666666666,1
162,60,F,Married,Medium,3,425.88,141.96,82.91,290.67,52.3,129.69287220198342,3,0.0,137,77,0.038461538461538464,1,1,0,1,0,2.0,1.0,1.0,0.5,33.0,116.0,1.0,1.0,0.0,1.0,1.0,6,Mobile App,203,0,70.98,0.6666666666666666,0.3333333333333333,1
163,69,M,Divorced,High,3,1064.88,354.96000000000004,313.26,492.32,259.3,121.97847187106422,3,0.0,24,296,0.010101010101010102,1,1,1,0,0,2.0,1.0,0.0,0.5,76.0,225.0,0.0,1.0,1.0,1.0,1.0,22,Mobile App,352,0,48.403636363636366,0.6666666666666666,0.0,0
164,58,F,Widowed,Low,5,955.49,191.098,184.49,303.76,53.41,91.14342088159736,3,0.4,73,286,0.017421602787456445,2,1,0,2,0,1.0,0.0,0.0,0.0,24.0,0.0,0.0,1.0,0.0,1.0,0.0,2,Website,36,1,477.745,0.2,0.0,1
165,31,F,Widowed,Medium,1,181.34,181.34,181.34,181.34,181.34,0.0,1,0.0,85,0,1.0,0,1,0,0,0,0.0,0.0,0.0,0.0,0.0,0.0,0.0,0.0,0.0,0.0,0.0,47,Mobile App,305,0,3.8582978723404255,0.0,0.0,0
166,48,F,Widowed,Low,5,1241.5,248.3,297.64,488.7,25.9,180.66338906928542,3,0.2,23,328,0.015197568389057751,1,0,1,3,0,1.0,0.0,0.0,0.0,48.0,0.0,0.0,1.0,0.0,1.0,0.0,48,Online Banking,150,0,25.864583333333332,0.2,0.0,0
167,42,F,Single,Low,8,2356.35,294.54375,263.03,483.63,143.19,148.1075976576778,5,0.25,4,360,0.0221606648199446,2,1,1,2,2,1.0,0.0,0.0,0.0,26.0,0.0,0.0,1.0,0.0,1.0,0.0,40,Website,303,0,58.90875,0.125,0.0,0
168,20,M,Married,Low,4,1126.93,281.7325,285.78,388.28,167.09,109.4771411071736,3,0.25,224,114,0.034782608695652174,1,0,2,1,0,2.0,1.0,2.0,0.5,105.0,145.0,2.0,0.0,0.0,1.0,1.0,32,Website,124,1,35.2165625,0.5,0.5,0
169,21,F,Widowed,High,9,2164.75,240.52777777777777,266.32,428.65,20.04,154.88491742078838,4,0.5555555555555556,16,334,0.026865671641791045,1,1,0,6,1,1.0,1.0,0.0,1.0,174.0,0.0,0.0,0.0,1.0,0.0,1.0,39,Mobile App,196,0,55.506410256410255,0.1111111111111111,0.0,0
170,48,M,Divorced,Low,7,1448.33,206.9042857142857,173.08,366.77,20.97,135.0747033875629,4,0.42857142857142855,9,327,0.021341463414634148,3,2,1,0,1,1.0,1.0,0.0,1.0,359.0,0.0,0.0,0.0,1.0,0.0,1.0,21,Website,80,1,68.96809523809523,0.14285714285714285,0.0,0
171,52,F,Single,High,7,2532.71,361.8157142857143,426.22,477.4,230.56,109.93541450281053,5,0.2857142857142857,101,257,0.027131782945736434,2,1,1,1,2,1.0,0.0,0.0,0.0,105.0,0.0,0.0,1.0,0.0,1.0,0.0,8,Mobile App,241,0,316.58875,0.14285714285714285,0.0,1
172,61,M,Married,Medium,6,1972.76,328.79333333333335,389.875,441.8,131.59,136.70435481968622,3,0.5,35,323,0.018518518518518517,0,0,2,3,1,2.0,1.0,1.0,0.5,182.0,156.0,1.0,0.0,1.0,1.0,1.0,25,Website,19,0,78.9104,0.3333333333333333,0.16666666666666666,0
173,31,F,Married,Low,3,606.09,202.03,238.69,257.99,109.41,80.7896701317687,2,0.0,82,140,0.02127659574468085,2,0,1,0,0,1.0,0.0,0.0,0.0,46.0,0.0,0.0,0.0,1.0,1.0,0.0,41,Mobile App,70,0,14.782682926829269,0.3333333333333333,0.0,0
174,66,F,Married,Medium,7,1801.46,257.3514285714286,217.52,457.32,9.83,172.685753169215,4,0.0,23,293,0.023809523809523808,4,1,1,1,0,1.0,1.0,1.0,1.0,275.0,0.0,1.0,0.0,0.0,0.0,1.0,36,Mobile App,297,1,50.04055555555556,0.14285714285714285,0.14285714285714285,0
175,58,M,Married,Medium,7,1218.9,174.12857142857143,155.9,350.04,62.04,103.3703515566837,4,0.42857142857142855,62,253,0.027559055118110236,3,0,2,1,1,2.0,1.0,0.0,0.5,285.0,55.0,0.0,0.0,2.0,1.0,1.0,4,Website,34,0,304.725,0.2857142857142857,0.0,1
176,26,F,Single,High,6,936.78,156.13,113.745,463.56,27.14,155.98852368042978,4,0.3333333333333333,13,348,0.017191977077363897,1,3,0,1,1,0.0,0.0,0.0,0.0,0.0,0.0,0.0,0.0,0.0,0.0,0.0,15,Website,99,1,62.452,0.0,0.0,0
177,37,F,Divorced,Medium,1,429.79,429.79,429.79,429.79,429.79,0.0,1,0.0,110,0,1.0,0,0,1,0,0,1.0,1.0,0.0,1.0,324.0,0.0,0.0,0.0,1.0,0.0,1.0,28,Website,301,0,15.349642857142857,1.0,0.0,0
178,49,F,Married,High,3,741.63,247.21,224.68,469.67,47.28,212.09438630006218,2,0.3333333333333333,16,156,0.01910828025477707,0,1,0,0,2,0.0,0.0,0.0,0.0,0.0,0.0,0.0,0.0,0.0,0.0,0.0,20,Website,239,0,37.0815,0.0,0.0,0
179,26,F,Single,High,2,412.58000000000004,206.29000000000002,206.29000000000002,322.61,89.97,164.50132157523842,2,0.0,312,8,0.2222222222222222,0,0,1,0,1,0.0,0.0,0.0,0.0,0.0,0.0,0.0,0.0,0.0,0.0,0.0,38,Website,116,0,10.857368421052632,0.0,0.0,0
180,44,F,Single,Medium,7,1985.93,283.70428571428573,282.43,485.2,43.2,157.61263938922568,4,0.2857142857142857,19,261,0.026717557251908396,2,1,1,0,3,0.0,0.0,0.0,0.0,0.0,0.0,0.0,0.0,0.0,0.0,0.0,6,Online Banking,335,0,330.98833333333334,0.0,0.0,1
181,20,F,Divorced,Medium,2,715.6800000000001,357.84000000000003,357.84000000000003,444.52,271.16,122.58403158649986,1,0.5,20,17,0.1111111111111111,0,2,0,0,0,0.0,0.0,0.0,0.0,0.0,0.0,0.0,0.0,0.0,0.0,0.0,30,Mobile App,253,0,23.856,0.0,0.0,0
182,21,F,Single,Medium,5,1491.65,298.33000000000004,359.68,480.14,90.94,162.2945572100309,4,0.4,69,286,0.017421602787456445,1,1,2,1,0,2.0,0.0,0.0,0.0,35.0,87.0,0.0,0.0,2.0,2.0,0.0,32,Online Banking,202,0,46.6140625,0.4,0.0,0
183,62,F,Single,High,3,1135.44,378.48,410.31,431.98,293.15,74.68804388923303,1,0.3333333333333333,69,121,0.02459016393442623,0,0,0,0,3,1.0,0.0,0.0,0.0,330.0,0.0,0.0,0.0,1.0,1.0,0.0,49,Online Banking,254,1,23.172244897959185,0.3333333333333333,0.0,0
184,32,M,Widowed,High,2,97.19,48.595,48.595,80.42,16.77,45.007346622523755,2,0.0,96,234,0.00851063829787234,0,0,0,1,1,0.0,0.0,0.0,0.0,0.0,0.0,0.0,0.0,0.0,0.0,0.0,41,Online Banking,261,0,2.370487804878049,0.0,0.0,0
185,50,F,Widowed,Medium,6,1284.89,214.14833333333334,207.57999999999998,449.79,7.21,153.66895553971423,4,0.3333333333333333,14,256,0.023346303501945526,0,2,1,1,2,2.0,0.0,1.0,0.0,69.0,191.0,1.0,0.0,1.0,2.0,0.0,4,Online Banking,69,0,321.2225,0.3333333333333333,0.16666666666666666,1
186,22,M,Divorced,High,3,460.87,153.62333333333333,162.48,233.53,64.86,84.6830717046408,2,0.3333333333333333,200,137,0.021739130434782608,0,1,0,2,0,0.0,0.0,0.0,0.0,0.0,0.0,0.0,0.0,0.0,0.0,0.0,35,Mobile App,74,0,13.167714285714286,0.0,0.0,0
187,21,F,Widowed,Medium,2,513.26,256.63,256.63,493.02,20.24,334.30594400937593,2,0.0,50,204,0.00975609756097561,1,1,0,0,0,2.0,0.0,1.0,0.0,43.0,88.0,1.0,1.0,0.0,2.0,0.0,30,Mobile App,356,0,17.108666666666668,1.0,0.5,0
188,63,M,Single,High,6,1768.25,294.7083333333333,281.645,456.67,97.95,133.2078486301264,5,0.3333333333333333,30,294,0.020338983050847456,1,1,1,2,1,2.0,1.0,0.0,0.5,108.0,252.0,0.0,1.0,1.0,1.0,1.0,49,Mobile App,277,0,36.08673469387755,0.3333333333333333,0.0,0
189,29,M,Single,High,3,574.4699999999999,191.48999999999998,155.02,388.89,30.56,181.92757597461687,3,0.0,180,39,0.075,1,1,0,1,0,2.0,1.0,0.0,0.5,118.0,166.0,0.0,1.0,1.0,1.0,1.0,41,Mobile App,193,0,14.011463414634145,0.6666666666666666,0.0,0
190,40,M,Divorced,Low,7,1417.97,202.56714285714287,216.1,399.7,62.29,124.13249006797612,3,0.2857142857142857,59,305,0.02287581699346405,1,0,2,0,4,1.0,1.0,0.0,1.0,205.0,0.0,0.0,0.0,1.0,0.0,1.0,22,Website,274,1,64.45318181818182,0.14285714285714285,0.0,0
191,31,F,Single,Low,7,1942.65,277.5214285714286,318.77,404.61,114.83,110.00864124067277,5,0.0,46,292,0.023890784982935155,1,1,2,1,2,2.0,1.0,0.0,0.5,276.0,70.0,0.0,1.0,1.0,1.0,1.0,2,Website,319,0,971.325,0.2857142857142857,0.0,1
192,63,F,Divorced,Medium,3,1172.53,390.8433333333333,369.77,452.48,350.28,54.261165056910976,2,0.3333333333333333,23,233,0.01282051282051282,0,0,2,1,0,2.0,1.0,1.0,0.5,34.0,236.0,1.0,1.0,0.0,1.0,1.0,12,Website,177,0,97.71083333333333,0.6666666666666666,0.3333333333333333,0
193,29,M,Widowed,Low,1,270.34,270.34,270.34,270.34,270.34,0.0,1,0.0,155,0,1.0,0,1,0,0,0,2.0,1.0,0.0,0.5,75.0,11.0,0.0,1.0,1.0,1.0,1.0,34,Website,234,0,7.951176470588234,2.0,0.0,0
194,34,F,Widowed,High,5,1388.97,277.794,289.38,364.98,145.6,93.57740795726286,3,0.0,110,230,0.021645021645021644,1,2,0,2,0,0.0,0.0,0.0,0.0,0.0,0.0,0.0,0.0,0.0,0.0,0.0,34,Website,69,0,40.85205882352941,0.0,0.0,0
195,42,F,Married,Medium,6,1711.71,285.285,267.655,362.75,208.97,63.170409132757726,3,0.3333333333333333,175,151,0.039473684210526314,2,0,2,0,2,2.0,1.0,0.0,0.5,105.0,22.0,0.0,1.0,1.0,1.0,1.0,14,Website,299,0,122.265,0.3333333333333333,0.0,0
196,47,M,Widowed,Low,8,2134.16,266.77,236.95499999999998,491.25,103.62,155.27246669736948,5,0.375,9,355,0.02247191011235955,1,1,3,1,2,2.0,2.0,1.0,1.0,247.0,91.0,1.0,0.0,1.0,0.0,2.0,39,Website,343,0,54.722051282051275,0.25,0.125,0
197,39,F,Married,Medium,4,925.4300000000001,231.35750000000002,280.1,315.8,49.43,124.07556417361155,3,0.0,23,304,0.013114754098360656,2,0,1,1,0,2.0,1.0,1.0,0.5,168.0,122.0,1.0,0.0,1.0,1.0,1.0,39,Online Banking,290,1,23.728974358974362,0.5,0.25,0
198,64,M,Married,Medium,7,1461.25,208.75,210.88,457.76,48.52,133.35905018657965,4,0.14285714285714285,38,253,0.027559055118110236,4,1,1,1,0,0.0,0.0,0.0,0.0,0.0,0.0,0.0,0.0,0.0,0.0,0.0,45,Online Banking,193,0,32.47222222222222,0.0,0.0,0
199,43,M,Married,High,6,1270.25,211.70833333333334,230.6,343.69,60.51,106.57475281072279,3,0.5,40,294,0.020338983050847456,2,0,3,0,1,2.0,1.0,1.0,0.5,44.0,229.0,1.0,1.0,0.0,1.0,1.0,6,Website,357,0,211.70833333333334,0.3333333333333333,0.16666666666666666,1
200,34,F,Single,Low,6,1702.06,283.6766666666667,270.82,478.77,86.29,180.27797798585013,3,0.0,57,289,0.020689655172413793,1,0,0,2,3,2.0,0.0,1.0,0.0,44.0,219.0,1.0,0.0,1.0,2.0,0.0,8,Online Banking,324,0,212.7575,0.3333333333333333,0.16666666666666666,1
201,37,M,Married,High,3,956.5799999999999,318.85999999999996,390.4,446.8,119.38,175.04126027882683,3,0.3333333333333333,290,55,0.05357142857142857,1,1,0,0,1,2.0,1.0,0.0,0.5,131.0,148.0,0.0,1.0,1.0,1.0,1.0,27,Online Banking,139,1,35.428888888888885,0.6666666666666666,0.0,0
202,51,F,Widowed,Medium,1,336.18,336.18,336.18,336.18,336.18,0.0,1,0.0,200,0,1.0,0,0,1,0,0,2.0,0.0,0.0,0.0,107.0,57.0,0.0,1.0,1.0,2.0,0.0,12,Mobile App,299,0,28.015,2.0,0.0,0
203,58,F,Divorced,Medium,6,1767.9,294.65000000000003,319.135,437.63,25.51,142.1963072656952,4,0.3333333333333333,13,304,0.019672131147540985,1,0,2,2,1,2.0,0.0,2.0,0.0,124.0,36.0,2.0,0.0,0.0,2.0,0.0,21,Website,259,0,84.18571428571428,0.3333333333333333,0.3333333333333333,0
204,50,F,Widowed,Medium,2,454.14,227.07,227.07,379.03,75.11,214.90389293821548,2,0.0,138,31,0.0625,1,0,0,1,0,2.0,1.0,0.0,0.5,176.0,100.0,0.0,2.0,0.0,1.0,1.0,38,Online Banking,237,0,11.951052631578946,1.0,0.0,0
205,54,F,Divorced,Low,4,741.9699999999999,185.49249999999998,193.855,341.65,12.61,134.9642160907846,3,0.25,7,319,0.0125,1,1,0,0,2,0.0,0.0,0.0,0.0,0.0,0.0,0.0,0.0,0.0,0.0,0.0,4,Mobile App,338,0,185.49249999999998,0.0,0.0,1
206,24,M,Widowed,High,1,99.58,99.58,99.58,99.58,99.58,0.0,1,0.0,109,0,1.0,0,1,0,0,0,0.0,0.0,0.0,0.0,0.0,0.0,0.0,0.0,0.0,0.0,0.0,25,Mobile App,34,0,3.9832,0.0,0.0,0
207,39,F,Divorced,High,8,1799.17,224.89625,175.015,415.96,79.46,134.1774142094286,4,0.25,35,297,0.026845637583892617,2,1,2,0,3,0.0,0.0,0.0,0.0,0.0,0.0,0.0,0.0,0.0,0.0,0.0,43,Website,278,0,41.84116279069767,0.0,0.0,0
208,49,F,Widowed,Low,2,436.89,218.445,218.445,334.69,102.2,164.39525555806043,1,1.0,293,64,0.03076923076923077,0,2,0,0,0,0.0,0.0,0.0,0.0,0.0,0.0,0.0,0.0,0.0,0.0,0.0,24,Online Banking,211,0,18.20375,0.0,0.0,0
209,31,F,Divorced,High,4,1328.06,332.015,338.97,456.81,193.31,137.10350384533092,4,0.75,26,246,0.016194331983805668,0,1,1,1,1,0.0,0.0,0.0,0.0,0.0,0.0,0.0,0.0,0.0,0.0,0.0,12,Mobile App,80,0,110.67166666666667,0.0,0.0,0
210,25,M,Married,High,7,1727.27,246.75285714285715,250.54,381.46,48.96,116.92907832161704,4,0.14285714285714285,73,218,0.0319634703196347,0,2,2,1,2,0.0,0.0,0.0,0.0,0.0,0.0,0.0,0.0,0.0,0.0,0.0,29,Online Banking,160,0,59.56103448275862,0.0,0.0,0
211,42,M,Divorced,Medium,6,1222.21,203.70166666666668,227.78500000000003,343.11,6.09,132.23558196138688,3,0.16666666666666666,14,327,0.018292682926829267,2,2,0,2,0,0.0,0.0,0.0,0.0,0.0,0.0,0.0,0.0,0.0,0.0,0.0,35,Online Banking,303,0,34.92028571428572,0.0,0.0,0
212,33,F,Married,Medium,7,1047.61,149.6585714285714,60.7,415.77,39.59,160.86224141881684,5,0.14285714285714285,3,231,0.03017241379310345,1,1,2,1,2,1.0,0.0,0.0,0.0,59.0,0.0,0.0,1.0,0.0,1.0,0.0,37,Website,200,0,28.31378378378378,0.14285714285714285,0.0,0
213,59,F,Widowed,Medium,7,2092.89,298.9842857142857,350.61,405.27,117.24,118.99239469494717,3,0.42857142857142855,6,357,0.019553072625698324,1,0,5,0,1,1.0,0.0,1.0,0.0,351.0,0.0,1.0,0.0,0.0,1.0,0.0,30,Website,311,1,69.76299999999999,0.14285714285714285,0.14285714285714285,0
214,36,F,Divorced,Low,2,734.1,367.05,367.05,376.61,357.49,13.519881656286792,2,0.0,295,46,0.0425531914893617,1,0,1,0,0,0.0,0.0,0.0,0.0,0.0,0.0,0.0,0.0,0.0,0.0,0.0,41,Online Banking,59,0,17.90487804878049,0.0,0.0,0
215,58,F,Divorced,Medium,6,1343.7,223.95000000000002,175.41,452.15,6.79,174.55588549229725,4,0.6666666666666666,16,249,0.024,2,2,0,1,1,2.0,2.0,1.0,1.0,36.0,31.0,1.0,0.0,1.0,0.0,2.0,42,Online Banking,54,0,31.992857142857144,0.3333333333333333,0.16666666666666666,0
216,33,F,Widowed,High,5,1570.8600000000001,314.172,294.67,440.74,194.38,90.29773236355386,3,0.0,74,242,0.0205761316872428,0,2,2,0,1,2.0,0.0,0.0,0.0,17.0,84.0,0.0,2.0,0.0,2.0,0.0,35,Mobile App,116,0,44.88171428571429,0.4,0.0,0
217,29,M,Married,Low,8,2576.78,322.0975,324.685,453.54,184.45,98.91179819126012,4,0.375,36,279,0.02857142857142857,1,3,1,3,0,1.0,1.0,0.0,1.0,271.0,0.0,0.0,1.0,0.0,0.0,1.0,1,Online Banking,139,1,2576.78,0.125,0.0,1
218,56,F,Married,High,7,1766.57,252.36714285714285,199.37,480.54,104.15,136.95806374145894,4,0.5714285714285714,13,350,0.019943019943019943,2,2,1,0,2,0.0,0.0,0.0,0.0,0.0,0.0,0.0,0.0,0.0,0.0,0.0,40,Mobile App,202,0,44.164249999999996,0.0,0.0,0
219,65,M,Single,Low,4,1624.32,406.08,434.245,444.83,311.0,63.81871669032525,3,0.5,86,202,0.019704433497536946,0,1,0,2,1,0.0,0.0,0.0,0.0,0.0,0.0,0.0,0.0,0.0,0.0,0.0,26,Online Banking,166,0,62.473846153846154,0.0,0.0,0
220,47,M,Single,High,3,1030.46,343.4866666666667,337.99,424.76,267.71,78.6691529974318,2,0.0,158,175,0.017045454545454544,1,0,2,0,0,0.0,0.0,0.0,0.0,0.0,0.0,0.0,0.0,0.0,0.0,0.0,35,Online Banking,49,0,29.441714285714287,0.0,0.0,0
221,19,F,Single,Low,4,1277.29,319.3225,390.51,463.74,32.53,194.31018970964956,3,0.25,241,111,0.03571428571428571,1,0,1,2,0,1.0,0.0,1.0,0.0,223.0,0.0,1.0,0.0,0.0,1.0,0.0,42,Mobile App,198,1,30.411666666666665,0.25,0.25,0
222,49,M,Divorced,High,7,1702.45,243.20714285714286,221.61,463.5,50.08,155.5507072430387,4,0.14285714285714285,19,296,0.02356902356902357,2,0,1,1,3,0.0,0.0,0.0,0.0,0.0,0.0,0.0,0.0,0.0,0.0,0.0,7,Website,211,0,243.20714285714286,0.0,0.0,1
223,62,F,Divorced,Medium,6,1736.26,289.37666666666667,312.61,453.05,48.25,143.38776902744064,3,0.16666666666666666,49,208,0.028708133971291867,0,2,1,0,3,1.0,0.0,0.0,0.0,131.0,0.0,0.0,0.0,1.0,1.0,0.0,4,Online Banking,162,0,434.065,0.16666666666666666,0.0,1
224,42,M,Divorced,Low,8,2520.32,315.04,371.195,498.29,11.41,183.68013828392006,5,0.0,39,293,0.027210884353741496,1,1,1,2,3,0.0,0.0,0.0,0.0,0.0,0.0,0.0,0.0,0.0,0.0,0.0,5,Website,229,0,504.064,0.0,0.0,1
225,42,M,Widowed,High,8,2650.29,331.28625,360.645,490.02,114.1,136.31742367802542,3,0.5,7,293,0.027210884353741496,3,0,4,1,0,2.0,1.0,0.0,0.5,233.0,117.0,0.0,2.0,0.0,1.0,1.0,39,Online Banking,169,0,67.95615384615384,0.25,0.0,0
226,21,F,Single,High,7,1461.18,208.74,163.75,410.81,17.88,169.42804234639948,4,0.2857142857142857,15,278,0.025089605734767026,1,3,1,2,0,1.0,1.0,0.0,1.0,343.0,0.0,0.0,1.0,0.0,0.0,1.0,11,Mobile App,296,0,132.83454545454546,0.14285714285714285,0.0,0
227,36,M,Widowed,High,7,1250.35,178.62142857142857,96.12,436.82,11.28,166.59936098602654,5,0.42857142857142855,11,320,0.021806853582554516,1,2,2,1,1,0.0,0.0,0.0,0.0,0.0,0.0,0.0,0.0,0.0,0.0,0.0,15,Online Banking,53,1,83.35666666666665,0.0,0.0,0
228,65,F,Single,High,6,2185.36,364.2266666666667,374.365,497.61,238.01,106.52944394235178,4,0.3333333333333333,178,178,0.0335195530726257,3,0,1,1,1,2.0,1.0,0.0,0.5,148.0,24.0,0.0,1.0,1.0,1.0,1.0,32,Website,76,0,68.2925,0.3333333333333333,0.0,0
229,21,F,Single,Medium,9,2559.03,284.3366666666667,259.2,491.03,146.08,111.10915241329131,4,0.4444444444444444,111,199,0.045,2,3,0,2,2,1.0,1.0,0.0,1.0,140.0,0.0,0.0,0.0,1.0,0.0,1.0,37,Website,8,0,69.16297297297298,0.1111111111111111,0.0,0
230,60,F,Divorced,Medium,6,1468.07,244.6783333333333,232.525,481.72,31.86,182.28641928752307,3,0.16666666666666666,35,311,0.019230769230769232,2,3,1,0,0,2.0,1.0,2.0,0.5,112.0,210.0,2.0,0.0,0.0,1.0,1.0,9,Online Banking,118,1,163.11888888888888,0.3333333333333333,0.3333333333333333,1
231,30,F,Married,Low,4,1353.42,338.355,387.79499999999996,449.55,128.28,146.69844682204376,3,0.5,5,198,0.020100502512562814,2,1,0,0,1,0.0,0.0,0.0,0.0,0.0,0.0,0.0,0.0,0.0,0.0,0.0,47,Online Banking,314,1,28.796170212765958,0.0,0.0,0
232,56,F,Single,Low,8,2082.19,260.27375,226.84500000000003,485.11,38.55,142.23814326056947,4,0.375,55,288,0.02768166089965398,0,1,2,3,2,2.0,2.0,0.0,1.0,36.0,253.0,0.0,2.0,0.0,0.0,2.0,32,Online Banking,114,0,65.0684375,0.25,0.0,0
233,53,F,Married,High,3,817.4200000000001,272.47333333333336,284.72,462.94,69.76,196.87588408267106,3,0.0,47,271,0.011029411764705883,1,1,1,0,0,2.0,0.0,0.0,0.0,82.0,19.0,0.0,0.0,2.0,2.0,0.0,33,Website,104,0,24.770303030303033,0.6666666666666666,0.0,0
234,40,M,Widowed,Low,8,1576.7,197.0875,156.59,466.05,50.6,131.5777926062862,5,0.5,91,256,0.0311284046692607,1,1,2,2,2,0.0,0.0,0.0,0.0,0.0,0.0,0.0,0.0,0.0,0.0,0.0,23,Online Banking,195,1,68.55217391304348,0.0,0.0,0
235,23,M,Divorced,High,3,770.5,256.8333333333333,279.74,475.22,15.54,230.69452124689337,1,0.0,94,187,0.015957446808510637,0,0,3,0,0,2.0,2.0,0.0,1.0,172.0,137.0,0.0,2.0,0.0,0.0,2.0,15,Mobile App,3,0,51.36666666666667,0.6666666666666666,0.0,0
236,41,F,Single,Low,6,1482.99,247.165,278.315,343.69,109.87,96.21281136106565,3,0.5,13,291,0.02054794520547945,0,2,3,1,0,2.0,0.0,1.0,0.0,175.0,181.0,1.0,1.0,0.0,2.0,0.0,30,Online Banking,97,1,49.433,0.3333333333333333,0.16666666666666666,0
237,61,M,Divorced,Low,1,398.99,398.99,398.99,398.99,398.99,0.0,1,0.0,333,0,1.0,0,0,1,0,0,0.0,0.0,0.0,0.0,0.0,0.0,0.0,0.0,0.0,0.0,0.0,16,Online Banking,352,1,24.936875,0.0,0.0,0
238,50,M,Widowed,High,3,762.4399999999999,254.14666666666665,233.59,312.21,216.64,50.99351560084217,2,0.3333333333333333,63,255,0.01171875,1,0,0,0,2,1.0,1.0,0.0,1.0,176.0,0.0,0.0,0.0,1.0,0.0,1.0,22,Mobile App,102,1,34.656363636363636,0.3333333333333333,0.0,0
239,29,F,Married,Medium,9,2654.84,294.9822222222222,309.18,484.93,83.09,160.11318963297322,3,0.2222222222222222,19,322,0.02786377708978328,2,0,5,2,0,1.0,1.0,1.0,1.0,55.0,0.0,1.0,0.0,0.0,0.0,1.0,43,Mobile App,83,1,61.740465116279076,0.1111111111111111,0.1111111111111111,0
240,58,M,Divorced,High,2,859.47,429.735,429.735,458.39,401.08,40.52428962980102,1,0.5,35,325,0.006134969325153374,0,0,0,0,2,1.0,0.0,1.0,0.0,281.0,0.0,1.0,0.0,0.0,1.0,0.0,30,Online Banking,157,0,28.649,0.5,0.5,0
241,38,F,Divorced,Medium,9,2185.9300000000003,242.88111111111115,256.72,444.16,27.6,138.6083112086397,4,0.0,96,265,0.03383458646616541,2,4,2,0,1,1.0,0.0,1.0,0.0,215.0,0.0,1.0,0.0,0.0,1.0,0.0,1,Mobile App,12,0,2185.9300000000003,0.1111111111111111,0.1111111111111111,1
242,28,F,Single,Low,3,726.73,242.24333333333334,134.74,484.62,107.37,210.34998367799636,3,0.0,46,263,0.011363636363636364,0,1,1,0,1,2.0,1.0,1.0,0.5,97.0,117.0,1.0,1.0,0.0,1.0,1.0,35,Online Banking,318,1,20.763714285714286,0.6666666666666666,0.3333333333333333,0
243,61,M,Married,Medium,9,2362.18,262.46444444444444,261.07,458.27,22.91,175.2766117534732,4,0.4444444444444444,40,316,0.028391167192429023,3,3,1,0,2,1.0,1.0,0.0,1.0,12.0,0.0,0.0,0.0,1.0,0.0,1.0,18,Website,22,0,131.23222222222222,0.1111111111111111,0.0,0
244,55,F,Widowed,High,7,1649.9,235.70000000000002,309.6,467.07,24.71,163.21222911697924,4,0.14285714285714285,23,255,0.02734375,0,3,2,1,1,2.0,2.0,2.0,1.0,111.0,179.0,2.0,0.0,0.0,0.0,2.0,15,Online Banking,193,0,109.99333333333334,0.2857142857142857,0.2857142857142857,0
245,46,F,Single,Low,9,2965.09,329.45444444444445,382.68,459.71,170.1,123.16506506626696,5,0.2222222222222222,50,301,0.029801324503311258,2,2,1,2,2,0.0,0.0,0.0,0.0,0.0,0.0,0.0,0.0,0.0,0.0,0.0,21,Online Banking,227,0,141.19476190476192,0.0,0.0,0
246,65,F,Divorced,Medium,4,1171.1399999999999,292.78499999999997,300.005,481.33,89.8,164.5596877529042,3,0.25,34,156,0.025477707006369428,0,2,1,1,0,1.0,0.0,0.0,0.0,91.0,0.0,0.0,0.0,1.0,1.0,0.0,40,Mobile App,282,0,29.278499999999998,0.25,0.0,0
247,58,F,Divorced,Medium,7,1887.6799999999998,269.6685714285714,259.07,485.95,22.47,180.11352784920325,3,0.2857142857142857,86,271,0.025735294117647058,0,4,2,0,1,2.0,0.0,1.0,0.0,68.0,242.0,1.0,1.0,0.0,2.0,0.0,2,Online Banking,7,0,943.8399999999999,0.2857142857142857,0.14285714285714285,1
248,20,M,Married,High,5,1519.1399999999999,303.828,379.88,414.89,113.73,136.41182690661392,4,0.2,40,162,0.03067484662576687,1,1,0,2,1,1.0,1.0,1.0,1.0,187.0,0.0,1.0,0.0,0.0,0.0,1.0,30,Online Banking,127,1,50.638,0.2,0.2,0
249,45,F,Widowed,Low,1,356.39,356.39,356.39,356.39,356.39,0.0,1,0.0,338,0,1.0,1,0,0,0,0,1.0,1.0,1.0,1.0,351.0,0.0,1.0,0.0,0.0,0.0,1.0,40,Website,328,0,8.909749999999999,1.0,1.0,0
250,37,M,Widowed,Low,7,1607.36,229.62285714285713,281.14,400.78,27.98,138.17363625939234,5,0.0,3,355,0.019662921348314606,1,1,2,1,2,1.0,0.0,0.0,0.0,259.0,0.0,0.0,0.0,1.0,1.0,0.0,32,Website,356,0,50.23,0.14285714285714285,0.0,0
251,43,F,Divorced,Medium,7,1968.79,281.2557142857143,280.13,374.07,204.24,63.15155497086429,5,0.2857142857142857,26,323,0.021604938271604937,2,1,1,2,1,1.0,0.0,1.0,0.0,78.0,0.0,1.0,0.0,0.0,1.0,0.0,28,Website,282,1,70.31392857142858,0.14285714285714285,0.14285714285714285,0
252,41,M,Widowed,Medium,4,980.71,245.1775,241.125,489.77,8.69,203.92699238943334,2,0.0,156,150,0.026490066225165563,0,1,0,0,3,0.0,0.0,0.0,0.0,0.0,0.0,0.0,0.0,0.0,0.0,0.0,11,Online Banking,142,1,89.15545454545455,0.0,0.0,0
253,69,M,Single,Medium,5,1319.11,263.822,179.77,479.69,103.82,184.9967512417448,4,0.2,30,310,0.01607717041800643,1,2,1,1,0,1.0,0.0,1.0,0.0,161.0,0.0,1.0,0.0,0.0,1.0,0.0,7,Online Banking,28,0,188.4442857142857,0.2,0.2,1
254,64,F,Married,Low,9,2220.26,246.6955555555556,231.85,490.17,36.71,159.4172774600601,5,0.1111111111111111,22,333,0.02694610778443114,2,1,3,2,1,2.0,1.0,1.0,0.5,155.0,16.0,1.0,0.0,1.0,1.0,1.0,1,Mobile App,128,1,2220.26,0.2222222222222222,0.1111111111111111,1
255,38,M,Divorced,Medium,7,2672.69,381.8128571428571,452.78,495.75,14.8,170.26864153588645,4,0.42857142857142855,3,316,0.022082018927444796,2,1,1,3,0,1.0,1.0,1.0,1.0,258.0,0.0,1.0,0.0,0.0,0.0,1.0,43,Mobile App,197,0,62.15558139534884,0.14285714285714285,0.14285714285714285,0
256,47,F,Widowed,Medium,1,208.67,208.67,208.67,208.67,208.67,0.0,1,0.0,85,0,1.0,0,0,0,0,1,2.0,1.0,0.0,0.5,142.0,89.0,0.0,1.0,1.0,1.0,1.0,28,Mobile App,127,0,7.4525,2.0,0.0,0
257,21,F,Widowed,Low,1,92.62,92.62,92.62,92.62,92.62,0.0,1,1.0,343,0,1.0,0,0,0,1,0,1.0,0.0,0.0,0.0,6.0,0.0,0.0,0.0,1.0,1.0,0.0,39,Website,334,0,2.374871794871795,1.0,0.0,0
258,53,M,Single,Low,4,832.85,208.2125,192.425,403.78,44.22,163.04293654842374,2,0.25,55,263,0.015151515151515152,0,1,0,0,3,2.0,1.0,1.0,0.5,52.0,109.0,1.0,1.0,0.0,1.0,1.0,19,Mobile App,197,0,43.83421052631579,0.5,0.25,0
259,57,M,Widowed,High,6,1469.67,244.94500000000002,237.055,445.93,45.1,159.46538743564386,4,0.5,70,286,0.020905923344947737,2,1,1,2,0,1.0,0.0,0.0,0.0,207.0,0.0,0.0,1.0,0.0,1.0,0.0,39,Online Banking,290,0,37.683846153846154,0.16666666666666666,0.0,0
260,27,M,Single,Low,8,2395.72,299.465,354.44,467.01,73.27,156.5506893720278,5,0.25,61,240,0.03319502074688797,1,2,1,3,1,1.0,0.0,0.0,0.0,4.0,0.0,0.0,0.0,1.0,1.0,0.0,32,Website,129,1,74.86625,0.125,0.0,0
261,27,M,Married,Low,1,489.07,489.07,489.07,489.07,489.07,0.0,1,0.0,214,0,1.0,0,1,0,0,0,1.0,1.0,1.0,1.0,214.0,0.0,1.0,0.0,0.0,0.0,1.0,49,Online Banking,216,1,9.981020408163266,1.0,1.0,0
262,59,F,Divorced,High,9,2940.59,326.7322222222222,373.09,474.7,38.6,158.4444418225027,5,0.3333333333333333,26,320,0.028037383177570093,2,2,1,2,2,2.0,2.0,0.0,1.0,256.0,46.0,0.0,2.0,0.0,0.0,2.0,30,Website,330,1,98.01966666666667,0.2222222222222222,0.0,0
263,41,M,Single,Low,1,13.04,13.04,13.04,13.04,13.04,0.0,1,0.0,51,0,1.0,0,0,0,0,1,2.0,0.0,1.0,0.0,176.0,48.0,1.0,1.0,0.0,2.0,0.0,2,Website,3,0,6.52,2.0,1.0,1
264,21,F,Widowed,High,2,525.02,262.51,262.51,317.21,207.81,77.35748186180828,2,0.5,161,88,0.02247191011235955,1,0,1,0,0,1.0,0.0,0.0,0.0,300.0,0.0,0.0,0.0,1.0,1.0,0.0,44,Online Banking,298,0,11.932272727272727,0.5,0.0,0
265,64,M,Widowed,Low,5,1511.8700000000001,302.374,294.83,493.46,95.34,154.94840312181344,4,0.8,125,190,0.02617801047120419,1,1,0,1,2,0.0,0.0,0.0,0.0,0.0,0.0,0.0,0.0,0.0,0.0,0.0,43,Online Banking,269,0,35.15976744186047,0.0,0.0,0
266,44,M,Married,High,1,459.39,459.39,459.39,459.39,459.39,0.0,1,0.0,254,0,1.0,1,0,0,0,0,1.0,0.0,0.0,0.0,28.0,0.0,0.0,0.0,1.0,1.0,0.0,37,Online Banking,358,0,12.415945945945946,1.0,0.0,0
267,68,F,Single,Medium,3,461.36,153.78666666666666,208.45,218.75,34.16,103.72765799599128,3,0.3333333333333333,38,234,0.01276595744680851,1,1,1,0,0,1.0,1.0,0.0,1.0,87.0,0.0,0.0,0.0,1.0,0.0,1.0,19,Online Banking,37,0,24.282105263157895,0.3333333333333333,0.0,0
268,62,M,Divorced,Medium,5,1096.16,219.23200000000003,214.39,298.18,164.96,57.027024032470784,3,0.4,48,282,0.0176678445229682,2,1,2,0,0,0.0,0.0,0.0,0.0,0.0,0.0,0.0,0.0,0.0,0.0,0.0,26,Mobile App,12,0,42.160000000000004,0.0,0.0,0
269,21,F,Widowed,Medium,9,2123.87,235.98555555555555,196.16,495.06,20.92,158.58903336226555,4,0.4444444444444444,19,261,0.03435114503816794,3,1,3,2,0,2.0,1.0,0.0,0.5,225.0,130.0,0.0,2.0,0.0,1.0,1.0,1,Mobile App,198,0,2123.87,0.2222222222222222,0.0,1
270,49,M,Single,High,3,734.74,244.91333333333333,199.25,477.21,58.28,213.16529087385058,2,0.3333333333333333,37,288,0.010380622837370242,1,0,0,2,0,1.0,1.0,0.0,1.0,289.0,0.0,0.0,0.0,1.0,0.0,1.0,42,Mobile App,263,0,17.493809523809524,0.3333333333333333,0.0,0
271,27,M,Widowed,Medium,3,865.97,288.6566666666667,305.18,357.78,203.01,78.69690993510059,3,0.6666666666666666,6,326,0.009174311926605505,1,0,1,1,0,0.0,0.0,0.0,0.0,0.0,0.0,0.0,0.0,0.0,0.0,0.0,28,Online Banking,64,1,30.927500000000002,0.0,0.0,0
272,28,F,Divorced,Low,8,1170.04,146.255,111.025,377.43,7.11,140.67855507198976,4,0.25,103,245,0.032520325203252036,4,1,1,0,2,2.0,2.0,0.0,1.0,12.0,110.0,0.0,1.0,1.0,0.0,2.0,26,Online Banking,168,1,45.00153846153846,0.25,0.0,0
273,45,F,Single,High,7,1562.83,223.26142857142855,267.26,389.51,24.61,143.35835023099415,3,0.2857142857142857,28,226,0.030837004405286344,2,3,2,0,0,0.0,0.0,0.0,0.0,0.0,0.0,0.0,0.0,0.0,0.0,0.0,40,Mobile App,123,0,39.07075,0.0,0.0,0
274,63,F,Widowed,Low,4,1117.33,279.3325,291.21500000000003,331.14,203.76,57.0628877496866,4,0.75,132,225,0.017699115044247787,1,1,1,1,0,1.0,1.0,0.0,1.0,205.0,0.0,0.0,1.0,0.0,0.0,1.0,35,Online Banking,341,0,31.923714285714283,0.25,0.0,0
275,25,F,Divorced,Low,3,605.79,201.92999999999998,197.17,324.5,84.12,120.26067229148522,2,0.6666666666666666,208,155,0.019230769230769232,0,1,0,0,2,2.0,1.0,0.0,0.5,214.0,13.0,0.0,1.0,1.0,1.0,1.0,3,Website,199,0,201.92999999999998,0.6666666666666666,0.0,1
276,57,F,Single,Low,7,2069.7,295.6714285714285,301.46,499.86,66.59,165.3306539865461,4,0.2857142857142857,92,201,0.034653465346534656,3,0,1,1,2,0.0,0.0,0.0,0.0,0.0,0.0,0.0,0.0,0.0,0.0,0.0,26,Online Banking,212,1,79.60384615384615,0.0,0.0,0
277,39,F,Single,High,6,1217.78,202.96333333333334,224.805,335.68,78.86,104.4690343913768,4,0.16666666666666666,55,286,0.020905923344947737,0,1,3,1,1,0.0,0.0,0.0,0.0,0.0,0.0,0.0,0.0,0.0,0.0,0.0,33,Mobile App,178,0,36.90242424242424,0.0,0.0,0
278,51,F,Married,Low,5,1423.1,284.62,259.55,489.08,147.82,127.81615214831027,4,0.0,130,179,0.027777777777777776,2,1,0,1,1,1.0,1.0,0.0,1.0,146.0,0.0,0.0,1.0,0.0,0.0,1.0,22,Online Banking,312,0,64.68636363636364,0.2,0.0,0
279,62,M,Divorced,Medium,4,1209.94,302.485,335.645,469.02,69.63,190.16950938570568,3,0.0,192,159,0.025,1,2,0,1,0,1.0,0.0,0.0,0.0,261.0,0.0,0.0,0.0,1.0,1.0,0.0,6,Mobile App,263,0,201.65666666666667,0.25,0.0,1
280,52,F,Single,High,4,836.33,209.0825,229.465,326.61,50.79,118.1805904467114,3,0.5,45,191,0.020833333333333332,2,0,1,1,0,2.0,1.0,1.0,0.5,202.0,62.0,1.0,0.0,1.0,1.0,1.0,42,Online Banking,42,0,19.91261904761905,0.5,0.25,0
281,52,M,Married,Medium,8,1563.95,195.49375,163.08499999999998,469.65,13.35,168.95773088789312,5,0.375,105,226,0.03524229074889868,1,1,1,3,2,1.0,0.0,0.0,0.0,160.0,0.0,0.0,0.0,1.0,1.0,0.0,34,Online Banking,16,0,45.99852941176471,0.125,0.0,0
282,42,M,Single,High,5,2016.68,403.336,403.47,468.2,333.6,47.86841787650809,4,0.4,27,230,0.021645021645021644,1,0,2,1,1,1.0,0.0,0.0,0.0,66.0,0.0,0.0,1.0,0.0,1.0,0.0,3,Online Banking,162,1,672.2266666666667,0.2,0.0,1
283,51,F,Widowed,Low,5,1362.8600000000001,272.572,295.52,411.04,70.86,125.49742296158911,2,0.4,21,229,0.021739130434782608,0,1,0,4,0,0.0,0.0,0.0,0.0,0.0,0.0,0.0,0.0,0.0,0.0,0.0,17,Online Banking,102,1,80.16823529411765,0.0,0.0,0
284,23,M,Married,Medium,6,1683.1299999999999,280.52166666666665,304.15999999999997,435.09,35.03,146.86000128240048,4,0.3333333333333333,155,177,0.033707865168539325,0,1,2,1,2,0.0,0.0,0.0,0.0,0.0,0.0,0.0,0.0,0.0,0.0,0.0,6,Mobile App,230,0,280.52166666666665,0.0,0.0,1
285,58,M,Single,High,5,1026.5900000000001,205.31800000000004,190.96,340.69,39.77,113.93694514949924,4,0.4,16,341,0.014619883040935672,1,0,1,1,2,0.0,0.0,0.0,0.0,0.0,0.0,0.0,0.0,0.0,0.0,0.0,42,Mobile App,122,0,24.44261904761905,0.0,0.0,0
286,54,F,Widowed,Low,2,512.1899999999999,256.09499999999997,256.09499999999997,401.9,110.29,206.19940846180913,2,0.0,24,274,0.007272727272727273,1,0,0,1,0,2.0,1.0,0.0,0.5,75.0,125.0,0.0,2.0,0.0,1.0,1.0,5,Website,272,1,102.43799999999999,1.0,0.0,1
287,18,M,Widowed,Low,2,615.0699999999999,307.53499999999997,307.53499999999997,443.38,171.69,192.11384138057306,2,0.0,17,12,0.15384615384615385,1,1,0,0,0,2.0,1.0,0.0,0.5,26.0,13.0,0.0,0.0,2.0,1.0,1.0,20,Website,204,0,30.753499999999995,1.0,0.0,0
288,29,F,Widowed,High,8,2217.85,277.23125,288.265,491.52,134.68,131.83830924252848,5,0.0,33,279,0.02857142857142857,1,3,2,1,1,2.0,2.0,1.0,1.0,43.0,23.0,1.0,0.0,1.0,0.0,2.0,1,Website,285,0,2217.85,0.25,0.125,1
289,52,M,Married,High,1,30.48,30.48,30.48,30.48,30.48,0.0,1,0.0,206,0,1.0,0,0,0,0,1,0.0,0.0,0.0,0.0,0.0,0.0,0.0,0.0,0.0,0.0,0.0,24,Mobile App,47,0,1.27,0.0,0.0,0
290,23,M,Widowed,High,1,403.33,403.33,403.33,403.33,403.33,0.0,1,1.0,6,0,1.0,0,0,1,0,0,1.0,1.0,0.0,1.0,9.0,0.0,0.0,0.0,1.0,0.0,1.0,9,Mobile App,107,0,44.81444444444444,1.0,0.0,1
291,34,F,Divorced,High,6,1572.74,262.12333333333333,261.84,448.61,153.67,107.80937819441624,4,0.5,76,154,0.03870967741935484,1,2,0,2,1,2.0,2.0,1.0,1.0,134.0,23.0,1.0,1.0,0.0,0.0,2.0,15,Website,96,0,104.84933333333333,0.3333333333333333,0.16666666666666666,0
292,26,M,Single,Medium,8,2429.7,303.7125,341.025,469.78,86.01,146.46011136629852,5,0.0,11,321,0.024844720496894408,1,2,1,2,2,2.0,1.0,0.0,0.5,247.0,83.0,0.0,2.0,0.0,1.0,1.0,37,Website,25,0,65.66756756756756,0.25,0.0,0
293,19,M,Divorced,High,1,209.68,209.68,209.68,209.68,209.68,0.0,1,0.0,246,0,1.0,0,0,1,0,0,0.0,0.0,0.0,0.0,0.0,0.0,0.0,0.0,0.0,0.0,0.0,18,Mobile App,339,0,11.648888888888889,0.0,0.0,0
294,35,F,Widowed,Low,6,1882.08,313.68,325.895,403.54,198.08,84.31219674519222,3,0.5,30,283,0.02112676056338028,2,0,0,3,1,1.0,0.0,0.0,0.0,113.0,0.0,0.0,0.0,1.0,1.0,0.0,22,Online Banking,287,0,85.5490909090909,0.16666666666666666,0.0,0
295,66,F,Widowed,Medium,3,960.99,320.33,334.91,409.74,216.34,97.52088135368754,2,0.3333333333333333,117,162,0.018404907975460124,2,0,0,1,0,0.0,0.0,0.0,0.0,0.0,0.0,0.0,0.0,0.0,0.0,0.0,11,Website,297,0,87.36272727272727,0.0,0.0,0
296,53,M,Divorced,Low,1,261.24,261.24,261.24,261.24,261.24,0.0,1,0.0,207,0,1.0,0,0,0,1,0,1.0,1.0,0.0,1.0,278.0,0.0,0.0,0.0,1.0,0.0,1.0,38,Mobile App,30,0,6.874736842105263,1.0,0.0,0
297,45,M,Married,Low,8,1714.0900000000001,214.26125000000002,279.63,347.62,28.71,131.25078888878562,5,0.125,99,255,0.03125,1,1,1,1,4,0.0,0.0,0.0,0.0,0.0,0.0,0.0,0.0,0.0,0.0,0.0,3,Mobile App,86,0,571.3633333333333,0.0,0.0,1
298,58,F,Widowed,High,6,1305.25,217.54166666666666,274.06,337.64,27.15,127.80401377369438,4,0.3333333333333333,156,159,0.0375,2,0,2,1,1,1.0,1.0,0.0,1.0,53.0,0.0,0.0,1.0,0.0,0.0,1.0,29,Website,130,0,45.008620689655174,0.16666666666666666,0.0,0
299,54,M,Widowed,Medium,1,9.8,9.8,9.8,9.8,9.8,0.0,1,0.0,40,0,1.0,0,0,0,0,1,2.0,1.0,0.0,0.5,210.0,149.0,0.0,0.0,2.0,1.0,1.0,46,Mobile App,57,0,0.21304347826086958,2.0,0.0,0
300,66,F,Divorced,High,4,926.5300000000001,231.63250000000002,235.44,299.04,156.61,58.538502642847526,3,0.25,148,132,0.03007518796992481,0,1,0,1,2,2.0,0.0,0.0,0.0,57.0,303.0,0.0,1.0,1.0,2.0,0.0,32,Website,77,0,28.954062500000003,0.5,0.0,0
301,43,F,Widowed,Low,6,1298.95,216.49166666666667,215.515,410.42,19.9,145.8502746540666,4,0.16666666666666666,19,244,0.024489795918367346,2,1,2,0,1,1.0,0.0,0.0,0.0,91.0,0.0,0.0,0.0,1.0,1.0,0.0,34,Online Banking,90,0,38.20441176470588,0.16666666666666666,0.0,0
302,21,M,Widowed,High,4,925.58,231.395,205.69,493.29,20.91,202.5243059486935,3,0.5,91,213,0.018691588785046728,1,1,0,2,0,2.0,0.0,0.0,0.0,92.0,71.0,0.0,1.0,1.0,2.0,0.0,8,Website,316,0,115.6975,0.5,0.0,1
303,57,F,Married,High,3,948.96,316.32,295.8,451.28,201.88,125.95988567794112,2,0.3333333333333333,237,124,0.024,0,1,2,0,0,1.0,0.0,1.0,0.0,129.0,0.0,1.0,0.0,0.0,1.0,0.0,34,Online Banking,225,0,27.910588235294117,0.3333333333333333,0.3333333333333333,0
304,53,F,Married,High,3,695.73,231.91,218.25,359.9,117.58,121.73615855611675,3,0.3333333333333333,105,67,0.04411764705882353,0,1,0,1,1,1.0,1.0,0.0,1.0,22.0,0.0,0.0,0.0,1.0,0.0,1.0,5,Online Banking,247,0,139.14600000000002,0.3333333333333333,0.0,1
305,68,M,Married,High,1,288.26,288.26,288.26,288.26,288.26,0.0,1,0.0,197,0,1.0,0,0,0,0,1,0.0,0.0,0.0,0.0,0.0,0.0,0.0,0.0,0.0,0.0,0.0,9,Mobile App,169,0,32.028888888888886,0.0,0.0,1
306,48,F,Married,High,9,2285.6,253.95555555555555,240.22,478.42,107.8,133.6416433144167,5,0.2222222222222222,25,336,0.026706231454005934,4,1,1,2,1,0.0,0.0,0.0,0.0,0.0,0.0,0.0,0.0,0.0,0.0,0.0,17,Mobile App,242,0,134.4470588235294,0.0,0.0,0
307,47,M,Married,High,4,1416.68,354.17,358.24,433.17,267.03,86.09009660427462,3,0.25,12,258,0.015444015444015444,2,1,0,1,0,1.0,0.0,1.0,0.0,289.0,0.0,1.0,0.0,0.0,1.0,0.0,20,Mobile App,57,0,70.834,0.25,0.25,0
308,67,M,Widowed,Medium,7,1791.69,255.9557142857143,209.71,417.22,159.96,105.59909403922347,4,0.5714285714285714,13,302,0.0231023102310231,1,0,1,2,3,0.0,0.0,0.0,0.0,0.0,0.0,0.0,0.0,0.0,0.0,0.0,42,Mobile App,69,0,42.659285714285716,0.0,0.0,0
309,51,M,Single,High,5,1400.5,280.1,267.46,435.88,76.42,143.6016288208459,3,0.4,62,263,0.01893939393939394,2,2,0,0,1,1.0,0.0,0.0,0.0,2.0,0.0,0.0,0.0,1.0,1.0,0.0,27,Online Banking,259,0,51.870370370370374,0.2,0.0,0
310,36,F,Widowed,Medium,4,1058.14,264.535,243.595,359.66,211.29,68.52090508256101,3,0.0,17,226,0.01762114537444934,1,1,0,2,0,0.0,0.0,0.0,0.0,0.0,0.0,0.0,0.0,0.0,0.0,0.0,5,Online Banking,179,0,211.62800000000001,0.0,0.0,1
311,35,M,Widowed,High,5,592.9,118.58,96.15,191.8,61.53,62.73789006652997,4,0.2,97,215,0.023148148148148147,1,1,0,2,1,2.0,0.0,2.0,0.0,206.0,89.0,2.0,0.0,0.0,2.0,0.0,46,Mobile App,177,1,12.889130434782608,0.4,0.4,0
312,47,M,Single,Medium,2,283.16,141.58,141.58,271.31,11.85,183.46592544666163,2,0.0,283,72,0.0273972602739726,0,1,0,1,0,2.0,2.0,0.0,1.0,283.0,31.0,0.0,1.0,1.0,0.0,2.0,29,Website,191,0,9.764137931034483,1.0,0.0,0
313,38,M,Divorced,Low,1,34.91,34.91,34.91,34.91,34.91,0.0,1,0.0,68,0,1.0,0,0,0,1,0,0.0,0.0,0.0,0.0,0.0,0.0,0.0,0.0,0.0,0.0,0.0,11,Online Banking,195,0,3.1736363636363634,0.0,0.0,0
314,20,M,Single,Medium,2,536.29,268.145,268.145,470.83,65.46,286.63987588959077,2,0.0,67,69,0.02857142857142857,1,0,0,0,1,1.0,1.0,0.0,1.0,149.0,0.0,0.0,0.0,1.0,0.0,1.0,26,Mobile App,285,0,20.62653846153846,0.5,0.0,0
315,23,F,Married,Medium,2,601.31,300.655,300.655,338.49,262.82,53.506770132386045,2,0.0,51,225,0.008849557522123894,0,1,0,1,0,1.0,1.0,1.0,1.0,347.0,0.0,1.0,0.0,0.0,0.0,1.0,23,Mobile App,83,1,26.143913043478257,0.5,0.5,0
316,55,F,Widowed,Low,8,649.71,81.21375,66.615,213.42,24.28,65.45319067580171,5,0.375,98,265,0.03007518796992481,1,3,1,2,1,0.0,0.0,0.0,0.0,0.0,0.0,0.0,0.0,0.0,0.0,0.0,18,Mobile App,337,0,36.095,0.0,0.0,0
317,30,M,Married,High,3,467.83,155.94333333333333,154.28,172.92,140.63,16.209134256132664,3,0.0,172,182,0.01639344262295082,1,0,0,1,1,2.0,2.0,2.0,1.0,223.0,106.0,2.0,0.0,0.0,0.0,2.0,20,Website,212,0,23.3915,0.6666666666666666,0.6666666666666666,0
318,62,F,Single,High,8,2145.44,268.18,242.20499999999998,463.05,89.07,151.67258458365413,5,0.5,10,351,0.022727272727272728,1,1,1,2,3,0.0,0.0,0.0,0.0,0.0,0.0,0.0,0.0,0.0,0.0,0.0,44,Website,111,0,48.76,0.0,0.0,0
319,20,F,Divorced,Medium,1,477.46,477.46,477.46,477.46,477.46,0.0,1,0.0,138,0,1.0,1,0,0,0,0,0.0,0.0,0.0,0.0,0.0,0.0,0.0,0.0,0.0,0.0,0.0,21,Online Banking,294,0,22.736190476190476,0.0,0.0,0
320,65,F,Divorced,High,2,823.75,411.875,411.875,441.92,381.83,42.49004648149966,2,0.0,12,167,0.011904761904761904,0,0,1,0,1,2.0,1.0,1.0,0.5,305.0,46.0,1.0,1.0,0.0,1.0,1.0,26,Online Banking,323,0,31.682692307692307,1.0,0.5,0
321,45,M,Widowed,High,9,2007.24,223.02666666666667,241.94,400.15,27.56,130.68910130534985,4,0.1111111111111111,26,314,0.02857142857142857,0,1,3,3,2,2.0,1.0,1.0,0.5,33.0,208.0,1.0,1.0,0.0,1.0,1.0,32,Online Banking,62,0,62.72625,0.2222222222222222,0.1111111111111111,0
322,39,F,Single,Low,1,61.98,61.98,61.98,61.98,61.98,0.0,1,0.0,211,0,1.0,0,0,1,0,0,2.0,2.0,0.0,1.0,70.0,171.0,0.0,1.0,1.0,0.0,2.0,1,Online Banking,41,0,61.98,2.0,0.0,1
323,57,F,Married,High,4,839.3,209.825,208.89499999999998,395.95,25.56,193.82067803341656,3,0.5,20,332,0.012012012012012012,1,2,0,1,0,1.0,0.0,0.0,0.0,237.0,0.0,0.0,0.0,1.0,1.0,0.0,2,Website,296,1,419.65,0.25,0.0,1
324,57,F,Married,High,6,1369.7,228.28333333333333,147.19,429.99,78.05,157.38534196889705,4,0.16666666666666666,59,272,0.02197802197802198,2,1,1,0,2,2.0,2.0,2.0,1.0,128.0,5.0,2.0,0.0,0.0,0.0,2.0,4,Mobile App,311,0,342.425,0.3333333333333333,0.3333333333333333,1
325,29,F,Divorced,Medium,2,553.79,276.895,276.895,376.71,177.08,141.15972672827044,2,0.0,38,35,0.05555555555555555,0,1,0,1,0,2.0,2.0,2.0,1.0,37.0,33.0,2.0,0.0,0.0,0.0,2.0,41,Online Banking,92,0,13.507073170731706,1.0,1.0,0
326,40,F,Widowed,High,3,605.89,201.96333333333334,217.36,237.52,151.01,45.263539779090785,2,0.0,107,164,0.01818181818181818,2,0,0,0,1,0.0,0.0,0.0,0.0,0.0,0.0,0.0,0.0,0.0,0.0,0.0,10,Website,280,0,60.589,0.0,0.0,0
327,48,M,Single,High,2,403.37,201.685,201.685,356.88,46.49,219.47887381249248,2,0.0,2,251,0.007936507936507936,0,1,0,0,1,2.0,1.0,1.0,0.5,0.0,90.0,1.0,0.0,1.0,1.0,1.0,28,Website,126,0,14.406071428571428,1.0,0.5,0
328,35,F,Married,Medium,5,848.26,169.652,127.76,346.34,6.69,130.24596604117917,3,0.0,33,294,0.01694915254237288,1,0,2,0,2,0.0,0.0,0.0,0.0,0.0,0.0,0.0,0.0,0.0,0.0,0.0,49,Mobile App,258,0,17.31142857142857,0.0,0.0,0
329,24,F,Divorced,Medium,8,2361.19,295.14875,331.765,440.65,156.87,114.47643668177807,4,0.25,36,294,0.02711864406779661,2,1,0,2,3,1.0,1.0,0.0,1.0,190.0,0.0,0.0,1.0,0.0,0.0,1.0,37,Online Banking,140,0,63.81594594594595,0.125,0.0,0
330,25,M,Widowed,Medium,9,2582.54,286.94888888888886,272.78,477.01,143.78,110.63891623705969,5,0.1111111111111111,43,307,0.02922077922077922,2,1,1,3,2,0.0,0.0,0.0,0.0,0.0,0.0,0.0,0.0,0.0,0.0,0.0,17,Mobile App,104,0,151.91411764705882,0.0,0.0,0
331,36,M,Divorced,High,5,908.3199999999999,181.664,230.85,341.44,11.94,131.92066680395456,5,0.6,10,213,0.02336448598130841,1,1,1,1,1,2.0,1.0,1.0,0.5,38.0,202.0,1.0,1.0,0.0,1.0,1.0,30,Website,363,0,30.27733333333333,0.4,0.2,0
332,46,M,Widowed,High,5,1577.44,315.488,301.34,432.05,153.84,114.23947815882214,2,0.2,71,240,0.02074688796680498,2,0,0,0,3,0.0,0.0,0.0,0.0,0.0,0.0,0.0,0.0,0.0,0.0,0.0,6,Website,25,0,262.9066666666667,0.0,0.0,1
333,61,M,Single,High,7,2439.39,348.4842857142857,452.16,477.35,31.47,171.14605905065832,4,0.14285714285714285,52,207,0.03365384615384615,1,1,4,0,1,2.0,1.0,1.0,0.5,12.0,90.0,1.0,0.0,1.0,1.0,1.0,11,Website,18,0,221.76272727272726,0.2857142857142857,0.14285714285714285,0
334,37,F,Divorced,High,6,1719.37,286.56166666666667,300.665,464.71,74.95,129.15397607765186,4,0.16666666666666666,39,259,0.023076923076923078,1,0,1,1,3,1.0,0.0,1.0,0.0,203.0,0.0,1.0,0.0,0.0,1.0,0.0,11,Online Banking,347,0,156.3063636363636,0.16666666666666666,0.16666666666666666,0
335,67,F,Married,High,2,756.52,378.26,378.26,386.88,369.64,12.190520907656085,2,0.0,24,141,0.014084507042253521,1,1,0,0,0,2.0,0.0,0.0,0.0,75.0,184.0,0.0,2.0,0.0,2.0,0.0,2,Mobile App,4,1,378.26,1.0,0.0,1
336,59,F,Widowed,High,1,135.94,135.94,135.94,135.94,135.94,0.0,1,0.0,11,0,1.0,0,0,0,1,0,0.0,0.0,0.0,0.0,0.0,0.0,0.0,0.0,0.0,0.0,0.0,20,Mobile App,340,0,6.797,0.0,0.0,0
337,47,F,Divorced,Medium,2,608.06,304.03,304.03,454.52,153.54,212.8249990015271,1,0.5,6,104,0.01904761904761905,0,0,0,0,2,0.0,0.0,0.0,0.0,0.0,0.0,0.0,0.0,0.0,0.0,0.0,34,Website,127,0,17.884117647058822,0.0,0.0,0
338,64,F,Widowed,Medium,1,13.86,13.86,13.86,13.86,13.86,0.0,1,0.0,31,0,1.0,0,0,0,0,1,0.0,0.0,0.0,0.0,0.0,0.0,0.0,0.0,0.0,0.0,0.0,41,Mobile App,27,0,0.33804878048780485,0.0,0.0,0
339,39,M,Divorced,High,4,682.9399999999999,170.73499999999999,161.405,304.27,55.86,109.73793160677548,3,0.75,34,266,0.0149812734082397,1,0,1,0,2,1.0,0.0,0.0,0.0,291.0,0.0,0.0,1.0,0.0,1.0,0.0,1,Website,252,0,682.9399999999999,0.25,0.0,1
340,27,F,Divorced,Low,6,1147.08,191.17999999999998,201.655,337.59,27.95,113.96721774264738,4,0.3333333333333333,53,219,0.02727272727272727,1,0,2,2,1,1.0,1.0,1.0,1.0,323.0,0.0,1.0,0.0,0.0,0.0,1.0,48,Mobile App,101,0,23.897499999999997,0.16666666666666666,0.16666666666666666,0
341,43,M,Single,Medium,6,1022.86,170.47666666666666,155.24,465.07,9.87,165.19749933539146,4,0.6666666666666666,90,189,0.031578947368421054,2,0,1,1,2,1.0,0.0,0.0,0.0,218.0,0.0,0.0,1.0,0.0,1.0,0.0,27,Online Banking,179,0,37.8837037037037,0.16666666666666666,0.0,0
342,68,M,Married,High,7,2295.76,327.96571428571434,322.59,426.47,230.91,76.99439651843566,2,0.14285714285714285,37,304,0.022950819672131147,0,0,3,4,0,1.0,0.0,0.0,0.0,19.0,0.0,0.0,1.0,0.0,1.0,0.0,26,Online Banking,90,1,88.29846153846155,0.14285714285714285,0.0,0
343,50,M,Divorced,Medium,3,924.63,308.21,286.27,406.87,231.49,89.72490624124386,3,0.6666666666666666,191,152,0.0196078431372549,0,1,1,0,1,2.0,0.0,0.0,0.0,3.0,85.0,0.0,1.0,1.0,2.0,0.0,26,Online Banking,158,0,35.56269230769231,0.6666666666666666,0.0,0
344,45,F,Single,Low,6,1466.6,244.4333333333333,238.68,424.22,47.56,157.90555894795685,3,0.16666666666666666,56,190,0.031413612565445025,2,2,0,0,2,2.0,1.0,1.0,0.5,266.0,83.0,1.0,1.0,0.0,1.0,1.0,8,Mobile App,187,0,183.325,0.3333333333333333,0.16666666666666666,1
345,27,F,Widowed,Medium,8,1980.5,247.5625,159.62,491.15,84.03,163.10670580503864,4,0.375,130,219,0.03636363636363636,2,2,2,2,0,1.0,0.0,0.0,0.0,148.0,0.0,0.0,0.0,1.0,1.0,0.0,29,Online Banking,114,0,68.29310344827586,0.125,0.0,0
346,46,M,Widowed,Medium,6,1641.62,273.6033333333333,263.075,494.8,35.63,186.40646090376444,3,0.0,32,263,0.022727272727272728,0,2,3,1,0,1.0,1.0,0.0,1.0,356.0,0.0,0.0,0.0,1.0,0.0,1.0,17,Online Banking,358,0,96.56588235294117,0.16666666666666666,0.0,0
347,61,M,Divorced,Medium,9,1974.45,219.38333333333333,213.9,441.99,44.91,155.29413688224034,5,0.1111111111111111,10,299,0.03,1,2,1,4,1,2.0,1.0,1.0,0.5,40.0,137.0,1.0,1.0,0.0,1.0,1.0,33,Mobile App,164,0,59.831818181818186,0.2222222222222222,0.1111111111111111,0
348,35,M,Married,Medium,2,704.7,352.35,352.35,470.02,234.68,166.4105098844421,2,0.0,220,85,0.023255813953488372,1,0,0,1,0,1.0,0.0,1.0,0.0,295.0,0.0,1.0,0.0,0.0,1.0,0.0,1,Online Banking,31,0,704.7,0.5,0.5,1
349,59,M,Widowed,High,6,1376.54,229.42333333333332,228.525,444.82,34.81,170.40047319965595,4,0.3333333333333333,103,251,0.023809523809523808,2,1,2,0,1,2.0,0.0,2.0,0.0,200.0,75.0,2.0,0.0,0.0,2.0,0.0,24,Mobile App,133,0,57.35583333333333,0.3333333333333333,0.3333333333333333,0
350,18,M,Divorced,Low,9,2702.27,300.2522222222222,284.36,454.98,23.21,155.21558384854416,5,0.5555555555555556,6,294,0.030508474576271188,3,1,2,2,1,1.0,1.0,1.0,1.0,204.0,0.0,1.0,0.0,0.0,0.0,1.0,25,Online Banking,252,0,108.0908,0.1111111111111111,0.1111111111111111,0
351,40,M,Widowed,High,2,588.68,294.34,294.34,460.95,127.73,235.62212162698137,2,0.0,134,78,0.02531645569620253,1,0,0,0,1,1.0,1.0,1.0,1.0,312.0,0.0,1.0,0.0,0.0,0.0,1.0,1,Mobile App,161,1,588.68,0.5,0.5,1
352,34,F,Single,Medium,5,1493.9,298.78000000000003,342.36,466.39,97.49,138.5315646342017,3,0.0,60,244,0.02040816326530612,3,1,1,0,0,2.0,1.0,2.0,0.5,24.0,191.0,2.0,0.0,0.0,1.0,1.0,26,Website,120,0,57.45769230769231,0.4,0.4,0
353,60,M,Divorced,Medium,1,266.08,266.08,266.08,266.08,266.08,0.0,1,0.0,291,0,1.0,0,0,1,0,0,2.0,1.0,0.0,0.5,72.0,15.0,0.0,1.0,1.0,1.0,1.0,16,Online Banking,287,1,16.63,2.0,0.0,0
354,54,M,Divorced,Medium,3,324.4,108.13333333333333,84.99,223.0,16.41,105.22151601898413,2,0.3333333333333333,243,103,0.028846153846153848,2,0,0,1,0,1.0,1.0,0.0,1.0,156.0,0.0,0.0,1.0,0.0,0.0,1.0,49,Online Banking,171,0,6.620408163265306,0.3333333333333333,0.0,0
355,48,M,Divorced,Low,1,368.57,368.57,368.57,368.57,368.57,0.0,1,1.0,280,0,1.0,0,1,0,0,0,2.0,1.0,1.0,0.5,63.0,170.0,1.0,0.0,1.0,1.0,1.0,33,Website,359,0,11.168787878787878,2.0,1.0,0
356,42,M,Single,Low,8,2316.37,289.54625,300.88,435.32,97.69,131.04824040215115,5,0.125,17,342,0.023323615160349854,1,3,1,2,1,0.0,0.0,0.0,0.0,0.0,0.0,0.0,0.0,0.0,0.0,0.0,28,Mobile App,169,0,82.72749999999999,0.0,0.0,0
357,21,M,Divorced,High,4,780.1800000000001,195.04500000000002,190.06,282.23,117.83,67.61139179162043,3,0.0,24,254,0.01568627450980392,2,0,1,1,0,2.0,1.0,0.0,0.5,140.0,140.0,0.0,1.0,1.0,1.0,1.0,45,Online Banking,112,0,17.337333333333333,0.5,0.0,0
358,69,F,Divorced,Medium,9,2282.8900000000003,253.6544444444445,272.57,449.47,61.93,142.4589179475184,5,0.0,11,243,0.036885245901639344,3,1,2,2,1,1.0,1.0,1.0,1.0,72.0,0.0,1.0,0.0,0.0,0.0,1.0,24,Mobile App,348,1,95.12041666666669,0.1111111111111111,0.1111111111111111,0
359,26,M,Single,Low,8,2154.17,269.27125,218.73000000000002,491.53,49.37,157.38230372816923,5,0.0,66,254,0.03137254901960784,1,1,3,1,2,1.0,0.0,1.0,0.0,232.0,0.0,1.0,0.0,0.0,1.0,0.0,36,Website,242,0,59.838055555555556,0.125,0.125,0
360,45,F,Widowed,Medium,8,1731.26,216.4075,161.20499999999998,452.61,56.36,138.78065959841604,4,0.375,32,311,0.02564102564102564,0,3,1,1,3,2.0,0.0,1.0,0.0,66.0,175.0,1.0,1.0,0.0,2.0,0.0,14,Online Banking,280,0,123.66142857142857,0.25,0.125,0
361,47,M,Single,High,9,2348.41,260.9344444444444,323.46,454.51,8.31,169.25057305007203,3,0.3333333333333333,6,333,0.02694610778443114,0,3,3,0,3,0.0,0.0,0.0,0.0,0.0,0.0,0.0,0.0,0.0,0.0,0.0,49,Mobile App,256,0,47.92673469387755,0.0,0.0,0
362,64,M,Married,High,2,469.14,234.57,234.57,352.76,116.38,167.1459009368761,2,0.0,57,238,0.008368200836820083,0,0,0,1,1,2.0,1.0,1.0,0.5,211.0,68.0,1.0,1.0,0.0,1.0,1.0,5,Mobile App,139,1,93.828,1.0,0.5,1
363,41,F,Single,Low,9,1514.16,168.24,107.15,403.16,5.53,149.71296311609092,4,0.3333333333333333,64,295,0.030405405405405407,3,2,2,2,0,1.0,0.0,1.0,0.0,332.0,0.0,1.0,0.0,0.0,1.0,0.0,27,Online Banking,364,0,56.080000000000005,0.1111111111111111,0.1111111111111111,0
364,50,M,Widowed,High,1,286.8,286.8,286.8,286.8,286.8,0.0,1,0.0,246,0,1.0,0,1,0,0,0,2.0,0.0,0.0,0.0,219.0,10.0,0.0,0.0,2.0,2.0,0.0,14,Mobile App,125,0,20.485714285714288,2.0,0.0,0
365,37,F,Divorced,Low,8,1188.8400000000001,148.60500000000002,104.81,465.69,6.26,154.8691969741839,4,0.25,20,291,0.0273972602739726,2,0,3,1,2,1.0,0.0,0.0,0.0,193.0,0.0,0.0,1.0,0.0,1.0,0.0,24,Online Banking,63,1,49.535000000000004,0.125,0.0,0
366,26,F,Divorced,Medium,8,2518.16,314.77,302.0,433.32,136.67,92.15063925055384,4,0.375,1,360,0.0221606648199446,4,0,2,1,1,0.0,0.0,0.0,0.0,0.0,0.0,0.0,0.0,0.0,0.0,0.0,46,Website,349,0,54.74260869565217,0.0,0.0,0
367,25,F,Single,Low,7,2197.79,313.96999999999997,311.75,384.52,239.48,55.289924639726785,5,0.42857142857142855,2,251,0.027777777777777776,1,2,2,1,1,1.0,1.0,1.0,1.0,241.0,0.0,1.0,0.0,0.0,0.0,1.0,28,Mobile App,106,0,78.49249999999999,0.14285714285714285,0.14285714285714285,0
368,41,F,Married,High,6,1939.2,323.2,339.095,495.94,139.87,142.55489314646476,3,0.16666666666666666,17,276,0.021660649819494584,4,0,1,1,0,0.0,0.0,0.0,0.0,0.0,0.0,0.0,0.0,0.0,0.0,0.0,8,Online Banking,348,0,242.4,0.0,0.0,1
369,31,F,Single,Medium,9,3352.34,372.4822222222222,400.46,484.94,116.3,107.99952879269635,4,0.4444444444444444,23,299,0.03,2,0,2,4,1,1.0,1.0,0.0,1.0,4.0,0.0,0.0,0.0,1.0,0.0,1.0,35,Website,327,0,95.78114285714287,0.1111111111111111,0.0,0
370,35,F,Married,High,6,1239.81,206.635,180.335,373.3,63.85,132.3180502803756,4,0.3333333333333333,9,328,0.0182370820668693,2,1,0,1,2,2.0,1.0,0.0,0.5,96.0,38.0,0.0,1.0,1.0,1.0,1.0,47,Online Banking,192,0,26.378936170212764,0.3333333333333333,0.0,0
371,18,M,Single,Medium,5,1454.45,290.89,380.33,487.18,6.3,203.12065416889538,4,0.2,3,320,0.01557632398753894,0,1,1,1,2,2.0,0.0,0.0,0.0,9.0,138.0,0.0,2.0,0.0,2.0,0.0,35,Website,199,0,41.55571428571429,0.4,0.0,0
372,29,F,Married,Medium,1,35.85,35.85,35.85,35.85,35.85,0.0,1,1.0,189,0,1.0,0,0,0,0,1,2.0,1.0,1.0,0.5,44.0,195.0,1.0,1.0,0.0,1.0,1.0,23,Website,66,0,1.558695652173913,2.0,1.0,0
373,46,M,Married,Medium,2,267.09,133.545,133.545,254.79,12.3,171.46632336992593,2,0.0,236,5,0.3333333333333333,1,0,0,1,0,1.0,1.0,1.0,1.0,315.0,0.0,1.0,0.0,0.0,0.0,1.0,13,Online Banking,235,0,20.545384615384613,0.5,0.5,0
374,54,M,Divorced,Medium,9,2143.59,238.17666666666668,251.45,440.49,90.26,115.0400032597357,4,0.2222222222222222,20,312,0.02875399361022364,4,2,0,1,2,0.0,0.0,0.0,0.0,0.0,0.0,0.0,0.0,0.0,0.0,0.0,47,Online Banking,6,0,45.60829787234043,0.0,0.0,0
375,43,F,Married,High,1,133.2,133.2,133.2,133.2,133.2,0.0,1,0.0,263,0,1.0,0,0,0,0,1,1.0,1.0,0.0,1.0,243.0,0.0,0.0,1.0,0.0,0.0,1.0,17,Website,122,0,7.8352941176470585,1.0,0.0,0
376,50,F,Divorced,Low,4,1143.8,285.95,300.155,469.58,73.91,168.422343133762,4,0.25,38,299,0.013333333333333334,1,1,1,0,1,1.0,0.0,1.0,0.0,208.0,0.0,1.0,0.0,0.0,1.0,0.0,31,Website,306,0,36.89677419354839,0.25,0.25,0
377,60,F,Single,Medium,8,2366.3,295.7875,276.995,479.59,68.59,146.10393910305282,4,0.5,6,358,0.022284122562674095,2,0,2,1,3,2.0,1.0,0.0,0.5,217.0,49.0,0.0,1.0,1.0,1.0,1.0,10,Online Banking,234,0,236.63000000000002,0.25,0.0,0
378,32,M,Single,High,4,1333.6,333.4,417.85,471.05,26.85,208.75740402039236,3,0.0,31,302,0.013201320132013201,2,0,1,0,1,2.0,1.0,1.0,0.5,114.0,35.0,1.0,1.0,0.0,1.0,1.0,36,Website,131,0,37.044444444444444,0.5,0.25,0
379,40,F,Single,High,8,1582.08,197.76,144.39,488.48,30.48,154.50447085533062,4,0.125,109,236,0.03375527426160337,2,1,0,2,3,1.0,0.0,1.0,0.0,84.0,0.0,1.0,0.0,0.0,1.0,0.0,29,Online Banking,160,0,54.554482758620686,0.125,0.125,0
380,46,F,Single,High,6,1172.66,195.44333333333336,181.275,412.82,15.23,162.5315128418691,4,0.16666666666666666,86,259,0.023076923076923078,1,1,0,3,1,0.0,0.0,0.0,0.0,0.0,0.0,0.0,0.0,0.0,0.0,0.0,16,Mobile App,204,0,73.29125,0.0,0.0,0
381,38,M,Single,Low,4,1087.62,271.905,267.28999999999996,450.23,102.81,145.68692036921732,3,0.0,47,136,0.029197080291970802,1,0,2,1,0,1.0,0.0,0.0,0.0,311.0,0.0,0.0,0.0,1.0,1.0,0.0,33,Website,166,1,32.958181818181814,0.25,0.0,0
382,36,F,Divorced,High,9,2467.11,274.12333333333333,254.6,458.77,27.39,136.67471794373677,4,0.0,16,310,0.028938906752411574,2,0,2,4,1,1.0,0.0,0.0,0.0,43.0,0.0,0.0,0.0,1.0,1.0,0.0,14,Mobile App,305,0,176.22214285714287,0.1111111111111111,0.0,0
383,22,M,Single,High,4,800.5600000000001,200.14000000000001,176.025,409.04,39.47,179.45841282406724,2,0.25,85,249,0.016,0,2,0,0,2,2.0,1.0,1.0,0.5,247.0,104.0,1.0,1.0,0.0,1.0,1.0,7,Online Banking,132,0,114.36571428571429,0.5,0.25,1
384,40,F,Married,Low,2,339.16999999999996,169.58499999999998,169.58499999999998,188.2,150.97,26.325585463575166,2,0.5,311,3,0.5,0,1,0,1,0,2.0,1.0,1.0,0.5,43.0,56.0,1.0,0.0,1.0,1.0,1.0,33,Website,5,0,10.277878787878787,1.0,0.5,0
385,53,M,Widowed,High,4,1338.28,334.57,362.025,495.77,118.46,169.406948499759,3,0.0,225,122,0.032520325203252036,0,0,2,1,1,0.0,0.0,0.0,0.0,0.0,0.0,0.0,0.0,0.0,0.0,0.0,3,Mobile App,129,1,446.0933333333333,0.0,0.0,1
386,37,F,Divorced,High,4,773.11,193.2775,168.03,324.28,112.77,92.5987668654394,4,0.0,162,164,0.024242424242424242,0,1,1,1,1,1.0,0.0,0.0,0.0,275.0,0.0,0.0,0.0,1.0,1.0,0.0,26,Website,69,0,29.735,0.25,0.0,0
387,25,M,Married,Low,1,47.52,47.52,47.52,47.52,47.52,0.0,1,0.0,5,0,1.0,0,1,0,0,0,2.0,2.0,1.0,1.0,28.0,42.0,1.0,0.0,1.0,0.0,2.0,39,Website,62,0,1.2184615384615385,2.0,1.0,0
388,26,F,Widowed,Low,8,1787.4199999999998,223.42749999999998,152.825,475.45,13.27,201.06956512965496,5,0.25,34,310,0.02572347266881029,2,1,2,2,1,0.0,0.0,0.0,0.0,0.0,0.0,0.0,0.0,0.0,0.0,0.0,5,Online Banking,132,1,357.484,0.0,0.0,1
389,31,F,Widowed,Low,3,522.89,174.29666666666665,168.28,220.26,134.35,43.269876742756416,2,0.3333333333333333,123,198,0.01507537688442211,0,0,1,2,0,0.0,0.0,0.0,0.0,0.0,0.0,0.0,0.0,0.0,0.0,0.0,23,Online Banking,271,1,22.734347826086957,0.0,0.0,0
390,23,M,Divorced,Medium,1,281.95,281.95,281.95,281.95,281.95,0.0,1,0.0,43,0,1.0,0,0,0,1,0,0.0,0.0,0.0,0.0,0.0,0.0,0.0,0.0,0.0,0.0,0.0,33,Mobile App,316,0,8.543939393939393,0.0,0.0,0
391,18,F,Married,Low,7,1990.15,284.3071428571429,307.16,477.82,122.33,123.69494326962682,3,0.42857142857142855,55,278,0.025089605734767026,3,3,0,1,0,0.0,0.0,0.0,0.0,0.0,0.0,0.0,0.0,0.0,0.0,0.0,30,Mobile App,163,0,66.33833333333334,0.0,0.0,0
392,26,F,Widowed,Medium,7,1533.34,219.04857142857142,244.2,270.45,128.17,57.575418489887795,3,0.42857142857142855,14,326,0.021406727828746176,1,0,2,0,4,1.0,0.0,0.0,0.0,189.0,0.0,0.0,0.0,1.0,1.0,0.0,33,Mobile App,119,0,46.46484848484848,0.14285714285714285,0.0,0
393,33,M,Widowed,Medium,8,1960.83,245.10375,291.725,412.06,44.72,147.43520019098946,4,0.375,86,255,0.03125,3,1,0,1,3,1.0,0.0,0.0,0.0,340.0,0.0,0.0,0.0,1.0,1.0,0.0,43,Website,27,0,45.600697674418605,0.125,0.0,0
394,33,M,Divorced,Low,8,2346.48,293.31,349.09000000000003,499.7,16.15,167.28148381865648,4,0.375,6,235,0.03389830508474576,1,3,1,3,0,2.0,1.0,1.0,0.5,154.0,2.0,1.0,1.0,0.0,1.0,1.0,25,Online Banking,173,0,93.8592,0.25,0.125,0
395,29,F,Single,Medium,2,680.27,340.135,340.135,408.66,271.61,96.90898436161636,2,1.0,14,119,0.016666666666666666,0,1,1,0,0,2.0,1.0,1.0,0.5,123.0,31.0,1.0,1.0,0.0,1.0,1.0,22,Online Banking,162,1,30.921363636363637,1.0,0.5,0
396,22,M,Widowed,High,3,865.73,288.57666666666665,234.23,442.05,189.45,134.7844951518287,2,0.3333333333333333,25,112,0.02654867256637168,0,0,0,2,1,2.0,2.0,2.0,1.0,220.0,27.0,2.0,0.0,0.0,0.0,2.0,1,Online Banking,238,1,865.73,0.6666666666666666,0.6666666666666666,1
397,57,F,Divorced,High,9,2322.98,258.1088888888889,272.67,388.15,75.32,103.18033211863157,4,0.1111111111111111,14,312,0.02875399361022364,1,1,0,3,4,0.0,0.0,0.0,0.0,0.0,0.0,0.0,0.0,0.0,0.0,0.0,10,Online Banking,235,0,232.298,0.0,0.0,0
398,46,F,Divorced,Low,6,1678.1200000000001,279.68666666666667,323.595,475.17,17.22,164.94874072470716,4,0.5,35,291,0.02054794520547945,1,1,0,1,3,1.0,0.0,0.0,0.0,99.0,0.0,0.0,1.0,0.0,1.0,0.0,23,Online Banking,83,0,72.9617391304348,0.16666666666666666,0.0,0
399,63,M,Married,Medium,2,568.35,284.175,284.175,300.42,267.93,22.973899320750935,2,0.5,4,220,0.00904977375565611,1,0,0,1,0,1.0,0.0,0.0,0.0,148.0,0.0,0.0,0.0,1.0,1.0,0.0,33,Website,212,0,17.222727272727273,0.5,0.0,0
400,44,M,Divorced,High,8,2309.85,288.73125,358.735,399.81,33.28,145.1306925732311,4,0.25,37,327,0.024390243902439025,3,2,0,1,2,0.0,0.0,0.0,0.0,0.0,0.0,0.0,0.0,0.0,0.0,0.0,39,Online Banking,287,0,59.22692307692307,0.0,0.0,0
401,28,F,Divorced,Medium,4,1273.3600000000001,318.34000000000003,357.315,453.49,105.24,160.6551688140368,3,1.0,56,308,0.012944983818770227,1,0,1,2,0,2.0,1.0,1.0,0.5,58.0,139.0,1.0,1.0,0.0,1.0,1.0,28,Website,131,0,45.47714285714286,0.5,0.25,0
402,64,M,Single,Medium,2,609.5799999999999,304.78999999999996,304.78999999999996,362.77,246.81,81.99610234639206,2,0.0,186,119,0.016666666666666666,1,0,1,0,0,2.0,1.0,0.0,0.5,260.0,95.0,0.0,1.0,1.0,1.0,1.0,43,Mobile App,142,1,14.17627906976744,1.0,0.0,0
403,67,F,Widowed,High,7,1645.76,235.10857142857142,195.12,414.29,119.81,105.85828552496832,5,0.42857142857142855,14,302,0.0231023102310231,1,1,1,3,1,2.0,0.0,1.0,0.0,107.0,65.0,1.0,1.0,0.0,2.0,0.0,8,Online Banking,123,0,205.72,0.2857142857142857,0.14285714285714285,1
404,45,M,Married,Low,9,2787.1,309.67777777777775,336.45,483.08,69.91,153.1372028425635,4,0.1111111111111111,14,323,0.027777777777777776,3,0,1,1,4,1.0,0.0,1.0,0.0,337.0,0.0,1.0,0.0,0.0,1.0,0.0,27,Mobile App,64,1,103.22592592592592,0.1111111111111111,0.1111111111111111,0
405,69,F,Divorced,Medium,3,508.49,169.49666666666667,204.37,278.38,25.74,129.880154116529,2,0.3333333333333333,73,281,0.010638297872340425,0,0,0,2,1,0.0,0.0,0.0,0.0,0.0,0.0,0.0,0.0,0.0,0.0,0.0,5,Online Banking,309,0,101.69800000000001,0.0,0.0,1
406,53,F,Married,High,8,2017.78,252.2225,242.825,465.61,20.69,157.44208937619845,4,0.0,113,190,0.041884816753926704,0,1,1,2,4,2.0,1.0,2.0,0.5,96.0,49.0,2.0,0.0,0.0,1.0,1.0,15,Website,2,0,134.51866666666666,0.25,0.25,0
407,59,F,Widowed,Low,9,2722.74,302.52666666666664,355.91,422.72,115.9,127.87701132338056,4,0.3333333333333333,23,331,0.02710843373493976,1,0,4,2,2,1.0,1.0,1.0,1.0,284.0,0.0,1.0,0.0,0.0,0.0,1.0,48,Mobile App,128,1,56.723749999999995,0.1111111111111111,0.1111111111111111,0
408,36,F,Divorced,Medium,7,2101.4,300.2,301.42,471.3,94.2,143.57740873828305,4,0.2857142857142857,33,251,0.027777777777777776,0,2,2,1,2,2.0,1.0,1.0,0.5,96.0,127.0,1.0,1.0,0.0,1.0,1.0,22,Online Banking,78,0,95.51818181818182,0.2857142857142857,0.14285714285714285,0
409,52,F,Divorced,Medium,9,1524.8400000000001,169.42666666666668,196.54,336.72,19.95,118.8467287097125,4,0.1111111111111111,49,247,0.036290322580645164,0,1,3,3,2,1.0,1.0,0.0,1.0,63.0,0.0,0.0,1.0,0.0,0.0,1.0,35,Mobile App,345,0,43.566857142857145,0.1111111111111111,0.0,0
410,69,F,Married,Medium,6,1426.2,237.70000000000002,233.175,463.63,33.19,139.94052736787864,5,0.5,77,249,0.024,1,1,1,1,2,1.0,1.0,0.0,1.0,95.0,0.0,0.0,0.0,1.0,0.0,1.0,30,Online Banking,144,0,47.54,0.16666666666666666,0.0,0
411,48,F,Single,Medium,1,87.02,87.02,87.02,87.02,87.02,0.0,1,0.0,257,0,1.0,0,1,0,0,0,0.0,0.0,0.0,0.0,0.0,0.0,0.0,0.0,0.0,0.0,0.0,48,Website,102,1,1.8129166666666665,0.0,0.0,0
412,61,M,Widowed,Low,1,184.86,184.86,184.86,184.86,184.86,0.0,1,0.0,317,0,1.0,0,1,0,0,0,0.0,0.0,0.0,0.0,0.0,0.0,0.0,0.0,0.0,0.0,0.0,44,Website,0,0,4.201363636363637,0.0,0.0,0
413,36,M,Widowed,Medium,5,1592.6100000000001,318.52200000000005,362.0,491.3,73.5,167.72558695679083,4,0.6,215,135,0.03676470588235294,2,1,0,1,1,2.0,2.0,0.0,1.0,112.0,136.0,0.0,1.0,1.0,0.0,2.0,33,Website,290,0,48.260909090909095,0.4,0.0,0
414,63,M,Widowed,High,7,1497.89,213.98428571428573,143.07,441.43,41.61,162.79074726543303,4,0.2857142857142857,17,280,0.02491103202846975,1,1,3,2,0,1.0,0.0,0.0,0.0,176.0,0.0,0.0,1.0,0.0,1.0,0.0,30,Online Banking,118,0,49.92966666666667,0.14285714285714285,0.0,0
415,41,F,Divorced,High,1,354.64,354.64,354.64,354.64,354.64,0.0,1,0.0,173,0,1.0,0,1,0,0,0,1.0,0.0,0.0,0.0,324.0,0.0,0.0,0.0,1.0,1.0,0.0,36,Online Banking,196,0,9.851111111111111,1.0,0.0,0
416,19,M,Divorced,High,5,1442.26,288.452,318.44,435.0,75.03,153.47063487846785,4,0.4,55,254,0.0196078431372549,2,1,0,1,1,2.0,2.0,1.0,1.0,247.0,31.0,1.0,1.0,0.0,0.0,2.0,16,Online Banking,252,0,90.14125,0.4,0.2,0
417,24,M,Divorced,Low,3,873.63,291.21,363.01,405.24,105.38,162.31276875218413,2,0.0,65,114,0.02608695652173913,0,0,2,0,1,0.0,0.0,0.0,0.0,0.0,0.0,0.0,0.0,0.0,0.0,0.0,38,Website,52,0,22.990263157894738,0.0,0.0,0
418,60,M,Married,High,3,1282.72,427.5733333333333,482.47,489.19,311.06,100.95943360247887,2,0.3333333333333333,76,229,0.013043478260869565,1,0,2,0,0,2.0,1.0,1.0,0.5,84.0,2.0,1.0,0.0,1.0,1.0,1.0,23,Online Banking,102,0,55.770434782608696,0.6666666666666666,0.3333333333333333,0
419,66,M,Widowed,Medium,5,1254.4299999999998,250.88599999999997,235.6,400.97,110.37,109.30522325122436,3,0.2,50,196,0.025380710659898477,0,2,0,2,1,0.0,0.0,0.0,0.0,0.0,0.0,0.0,0.0,0.0,0.0,0.0,37,Online Banking,327,1,33.90351351351351,0.0,0.0,0
420,48,F,Widowed,Medium,8,2140.54,267.5675,332.76,436.9,11.01,171.23652370332678,5,0.125,73,280,0.028469750889679714,2,1,1,3,1,2.0,0.0,1.0,0.0,145.0,159.0,1.0,1.0,0.0,2.0,0.0,37,Website,359,0,57.85243243243243,0.25,0.125,0
421,34,F,Widowed,High,2,594.4200000000001,297.21000000000004,297.21000000000004,361.48,232.94,90.89150565371885,2,0.0,25,42,0.046511627906976744,1,0,0,1,0,1.0,1.0,1.0,1.0,235.0,0.0,1.0,0.0,0.0,0.0,1.0,28,Mobile App,15,0,21.229285714285716,0.5,0.5,0
422,44,M,Single,Low,7,1770.89,252.98428571428573,238.12,438.23,112.95,131.9344302873139,5,0.5714285714285714,9,285,0.024475524475524476,2,2,1,1,1,1.0,0.0,0.0,0.0,327.0,0.0,0.0,1.0,0.0,1.0,0.0,14,Mobile App,88,1,126.49214285714287,0.14285714285714285,0.0,0
423,53,F,Divorced,Low,5,1329.4499999999998,265.89,224.66,497.02,80.89,157.3205681085598,2,0.0,32,319,0.015625,0,4,1,0,0,0.0,0.0,0.0,0.0,0.0,0.0,0.0,0.0,0.0,0.0,0.0,4,Mobile App,271,0,332.36249999999995,0.0,0.0,1
424,67,F,Widowed,Medium,7,965.41,137.91571428571427,94.96,386.5,12.33,136.79920502414515,3,0.42857142857142855,86,268,0.026022304832713755,0,0,3,3,1,1.0,1.0,0.0,1.0,197.0,0.0,0.0,0.0,1.0,0.0,1.0,39,Website,98,0,24.754102564102563,0.14285714285714285,0.0,0
425,60,F,Widowed,Medium,9,1768.53,196.50333333333333,170.41,423.25,79.79,112.36287709915584,3,0.2222222222222222,89,230,0.03896103896103896,2,0,6,0,1,2.0,1.0,1.0,0.5,35.0,253.0,1.0,0.0,1.0,1.0,1.0,33,Website,58,0,53.591818181818184,0.2222222222222222,0.1111111111111111,0
426,27,F,Divorced,High,7,1465.9299999999998,209.4185714285714,208.48,402.65,69.36,123.31828769875285,4,0.2857142857142857,40,302,0.0231023102310231,1,2,0,3,1,0.0,0.0,0.0,0.0,0.0,0.0,0.0,0.0,0.0,0.0,0.0,31,Website,112,0,47.288064516129026,0.0,0.0,0
427,62,F,Divorced,Low,3,521.56,173.85333333333332,134.34,257.03,130.19,72.06298656962068,3,1.0,28,223,0.013392857142857142,1,0,0,1,1,2.0,0.0,0.0,0.0,16.0,125.0,0.0,1.0,1.0,2.0,0.0,13,Online Banking,139,0,40.12,0.6666666666666666,0.0,0
428,31,M,Widowed,High,8,2414.15,301.76875,281.68,482.52,10.21,147.47907168113233,5,0.25,203,110,0.07207207207207207,3,1,1,1,2,2.0,1.0,1.0,0.5,115.0,67.0,1.0,1.0,0.0,1.0,1.0,36,Mobile App,143,0,67.05972222222222,0.25,0.125,0
429,24,F,Married,Medium,5,1361.3899999999999,272.27799999999996,326.45,458.94,44.26,162.11005126148103,3,0.2,11,343,0.014534883720930232,1,0,0,3,1,2.0,1.0,2.0,0.5,68.0,107.0,2.0,0.0,0.0,1.0,1.0,10,Mobile App,354,0,136.13899999999998,0.4,0.4,0
430,56,M,Married,Medium,1,148.98,148.98,148.98,148.98,148.98,0.0,1,0.0,39,0,1.0,0,0,0,1,0,2.0,1.0,0.0,0.5,16.0,224.0,0.0,1.0,1.0,1.0,1.0,47,Online Banking,182,0,3.169787234042553,2.0,0.0,0
431,57,F,Married,High,2,233.87,116.935,116.935,132.6,101.27,22.153655454574537,2,0.0,22,235,0.00847457627118644,0,1,0,1,0,1.0,0.0,0.0,0.0,250.0,0.0,0.0,1.0,0.0,1.0,0.0,31,Website,219,0,7.5441935483870965,0.5,0.0,0
432,26,M,Married,Low,7,1834.48,262.06857142857143,235.03,410.41,115.27,110.75669918468009,4,0.14285714285714285,31,278,0.025089605734767026,2,2,0,1,2,0.0,0.0,0.0,0.0,0.0,0.0,0.0,0.0,0.0,0.0,0.0,26,Mobile App,15,0,70.55692307692308,0.0,0.0,0
433,31,M,Single,Medium,5,1302.43,260.486,195.55,454.6,49.62,181.0550997072438,3,0.2,84,138,0.03597122302158273,0,0,3,1,1,0.0,0.0,0.0,0.0,0.0,0.0,0.0,0.0,0.0,0.0,0.0,14,Mobile App,28,1,93.0307142857143,0.0,0.0,0
434,25,F,Married,Medium,1,41.19,41.19,41.19,41.19,41.19,0.0,1,0.0,215,0,1.0,0,0,1,0,0,2.0,1.0,0.0,0.5,91.0,210.0,0.0,2.0,0.0,1.0,1.0,4,Mobile App,52,0,10.2975,2.0,0.0,1
435,34,M,Widowed,Low,1,488.45,488.45,488.45,488.45,488.45,0.0,1,0.0,334,0,1.0,1,0,0,0,0,1.0,0.0,1.0,0.0,165.0,0.0,1.0,0.0,0.0,1.0,0.0,33,Online Banking,288,0,14.80151515151515,1.0,1.0,0
436,40,F,Widowed,Medium,3,543.99,181.33,165.23,369.33,9.43,180.48936256743775,3,0.6666666666666666,119,138,0.02158273381294964,1,1,0,1,0,2.0,1.0,0.0,0.5,27.0,183.0,0.0,2.0,0.0,1.0,1.0,47,Website,104,0,11.574255319148936,0.6666666666666666,0.0,0
437,33,M,Widowed,Low,8,1698.21,212.27625,229.39499999999998,450.66,19.49,129.55229059423954,4,0.0,39,323,0.024691358024691357,2,2,2,0,2,0.0,0.0,0.0,0.0,0.0,0.0,0.0,0.0,0.0,0.0,0.0,13,Website,102,0,130.63153846153847,0.0,0.0,0
438,43,M,Married,Low,7,2131.01,304.43,290.57,450.43,127.09,105.0978015945148,4,0.0,25,326,0.021406727828746176,0,3,2,1,1,1.0,0.0,1.0,0.0,265.0,0.0,1.0,0.0,0.0,1.0,0.0,48,Website,255,0,44.39604166666667,0.14285714285714285,0.14285714285714285,0
439,26,F,Divorced,Medium,7,1373.54,196.22,97.44,463.0,21.73,196.2794554540371,3,0.2857142857142857,39,281,0.024822695035460994,2,0,3,0,2,2.0,2.0,1.0,1.0,185.0,128.0,1.0,0.0,1.0,0.0,2.0,41,Online Banking,314,0,33.5009756097561,0.2857142857142857,0.14285714285714285,0
440,53,M,Widowed,High,8,1920.61,240.07625,247.37,488.65,6.65,211.63631175995565,4,0.125,24,326,0.024464831804281346,3,1,1,3,0,2.0,1.0,0.0,0.5,64.0,174.0,0.0,1.0,1.0,1.0,1.0,34,Online Banking,315,0,56.4885294117647,0.25,0.0,0
441,24,F,Married,Medium,8,2560.36,320.045,399.13,452.27,69.42,155.2991610684727,4,0.375,0,274,0.02909090909090909,1,2,2,0,3,1.0,1.0,1.0,1.0,41.0,0.0,1.0,0.0,0.0,0.0,1.0,43,Mobile App,64,1,59.54325581395349,0.125,0.125,0
442,35,M,Single,Medium,1,412.55,412.55,412.55,412.55,412.55,0.0,1,0.0,93,0,1.0,0,0,1,0,0,1.0,0.0,0.0,0.0,69.0,0.0,0.0,0.0,1.0,1.0,0.0,35,Mobile App,194,0,11.787142857142857,1.0,0.0,0
443,25,F,Single,Medium,5,1115.64,223.12800000000001,265.29,324.23,117.48,91.46327880630567,4,0.4,122,192,0.025906735751295335,1,1,2,0,1,0.0,0.0,0.0,0.0,0.0,0.0,0.0,0.0,0.0,0.0,0.0,28,Website,206,0,39.84428571428572,0.0,0.0,0
444,38,M,Widowed,Medium,2,387.51,193.755,193.755,343.78,43.73,212.16738969502356,1,0.5,21,18,0.10526315789473684,2,0,0,0,0,0.0,0.0,0.0,0.0,0.0,0.0,0.0,0.0,0.0,0.0,0.0,31,Mobile App,25,0,12.500322580645161,0.0,0.0,0
445,43,M,Divorced,High,5,1002.46,200.49200000000002,155.11,474.26,27.91,176.50162285372903,4,0.4,65,254,0.0196078431372549,2,1,1,1,0,2.0,1.0,0.0,0.5,6.0,150.0,0.0,1.0,1.0,1.0,1.0,30,Online Banking,218,0,33.415333333333336,0.4,0.0,0
446,20,F,Single,High,6,1516.93,252.8216666666667,268.445,431.79,31.87,190.08035705108162,4,0.5,110,240,0.024896265560165973,1,2,1,0,2,2.0,1.0,0.0,0.5,37.0,218.0,0.0,1.0,1.0,1.0,1.0,32,Mobile App,79,0,47.4040625,0.3333333333333333,0.0,0
447,34,F,Married,High,1,169.69,169.69,169.69,169.69,169.69,0.0,1,0.0,1,0,1.0,0,1,0,0,0,0.0,0.0,0.0,0.0,0.0,0.0,0.0,0.0,0.0,0.0,0.0,13,Website,30,0,13.053076923076922,0.0,0.0,0
448,68,M,Married,Low,7,1461.03,208.71857142857144,212.2,359.14,85.26,107.19077019168076,4,0.14285714285714285,24,338,0.02064896755162242,1,0,2,1,3,0.0,0.0,0.0,0.0,0.0,0.0,0.0,0.0,0.0,0.0,0.0,41,Mobile App,114,0,35.634878048780486,0.0,0.0,0
449,63,F,Single,High,5,1460.65,292.13,377.12,476.78,36.76,194.86915764173665,3,0.2,89,153,0.032467532467532464,0,1,0,2,2,2.0,2.0,1.0,1.0,223.0,29.0,1.0,0.0,1.0,0.0,2.0,34,Mobile App,234,0,42.96029411764706,0.4,0.2,0
450,41,M,Widowed,Low,5,1527.63,305.526,307.78,415.86,162.67,92.97885904871063,5,0.2,14,234,0.02127659574468085,1,1,1,1,1,0.0,0.0,0.0,0.0,0.0,0.0,0.0,0.0,0.0,0.0,0.0,8,Website,114,1,190.95375,0.0,0.0,1
451,42,M,Widowed,Medium,2,364.46,182.23,182.23,334.09,30.37,214.7624715819782,2,0.0,136,20,0.09523809523809523,0,0,0,1,1,2.0,1.0,1.0,0.5,80.0,76.0,1.0,0.0,1.0,1.0,1.0,42,Mobile App,171,0,8.677619047619046,1.0,0.5,0
452,22,M,Single,High,8,2341.48,292.685,302.355,453.75,120.13,139.67732252793016,3,0.25,23,299,0.02666666666666667,3,0,1,0,4,1.0,1.0,1.0,1.0,195.0,0.0,1.0,0.0,0.0,0.0,1.0,25,Online Banking,74,0,93.6592,0.125,0.125,0
453,54,F,Married,High,1,346.54,346.54,346.54,346.54,346.54,0.0,1,1.0,154,0,1.0,0,0,1,0,0,0.0,0.0,0.0,0.0,0.0,0.0,0.0,0.0,0.0,0.0,0.0,33,Online Banking,255,0,10.501212121212122,0.0,0.0,0
454,62,F,Divorced,High,2,472.88,236.44,236.44,453.12,19.76,306.4317946950023,2,0.0,5,91,0.021739130434782608,1,1,0,0,0,0.0,0.0,0.0,0.0,0.0,0.0,0.0,0.0,0.0,0.0,0.0,10,Online Banking,171,0,47.288,0.0,0.0,0
455,67,F,Married,High,3,565.79,188.59666666666666,128.94,422.07,14.78,210.09634559728383,3,0.3333333333333333,13,228,0.013100436681222707,0,1,0,1,1,2.0,0.0,1.0,0.0,153.0,104.0,1.0,1.0,0.0,2.0,0.0,40,Website,8,0,14.144749999999998,0.6666666666666666,0.3333333333333333,0
456,41,M,Divorced,High,9,2402.0,266.8888888888889,380.16,483.02,12.3,200.79375764976137,4,0.4444444444444444,38,297,0.030201342281879196,3,2,3,0,1,1.0,1.0,1.0,1.0,285.0,0.0,1.0,0.0,0.0,0.0,1.0,34,Mobile App,39,0,70.6470588235294,0.1111111111111111,0.1111111111111111,0
457,48,M,Divorced,Medium,8,1730.33,216.29125,208.82999999999998,477.15,6.51,170.07235102722774,4,0.25,74,281,0.028368794326241134,4,1,1,2,0,2.0,2.0,1.0,1.0,145.0,140.0,1.0,1.0,0.0,0.0,2.0,44,Website,200,0,39.32568181818181,0.25,0.125,0
458,43,M,Single,High,9,2767.15,307.4611111111111,277.24,495.45,137.04,133.5356875936583,5,0.1111111111111111,93,182,0.04918032786885246,1,2,1,3,2,0.0,0.0,0.0,0.0,0.0,0.0,0.0,0.0,0.0,0.0,0.0,33,Website,355,0,83.85303030303031,0.0,0.0,0
459,38,F,Widowed,Low,1,62.87,62.87,62.87,62.87,62.87,0.0,1,1.0,98,0,1.0,0,0,0,0,1,1.0,1.0,0.0,1.0,250.0,0.0,0.0,1.0,0.0,0.0,1.0,5,Mobile App,293,0,12.574,1.0,0.0,1
460,51,M,Divorced,Low,1,336.72,336.72,336.72,336.72,336.72,0.0,1,0.0,241,0,1.0,1,0,0,0,0,2.0,2.0,0.0,1.0,154.0,196.0,0.0,2.0,0.0,0.0,2.0,45,Online Banking,310,0,7.482666666666668,2.0,0.0,0
461,55,F,Married,High,1,449.87,449.87,449.87,449.87,449.87,0.0,1,0.0,346,0,1.0,0,0,1,0,0,2.0,2.0,0.0,1.0,160.0,180.0,0.0,1.0,1.0,0.0,2.0,27,Online Banking,169,0,16.661851851851853,2.0,0.0,0
462,41,F,Widowed,Low,3,391.36,130.45333333333335,91.02,286.29,14.05,140.33850231968893,3,0.3333333333333333,228,78,0.0379746835443038,0,1,0,1,1,0.0,0.0,0.0,0.0,0.0,0.0,0.0,0.0,0.0,0.0,0.0,8,Online Banking,266,1,48.92,0.0,0.0,1
463,45,F,Widowed,High,7,1668.22,238.31714285714287,181.1,474.25,64.31,151.48823922605186,3,0.42857142857142855,23,319,0.021875,0,1,2,4,0,0.0,0.0,0.0,0.0,0.0,0.0,0.0,0.0,0.0,0.0,0.0,7,Online Banking,258,0,238.31714285714287,0.0,0.0,1
464,47,F,Married,Medium,9,2166.33,240.70333333333332,247.73,474.43,17.32,152.36739201679603,5,0.2222222222222222,31,317,0.02830188679245283,2,4,1,1,1,0.0,0.0,0.0,0.0,0.0,0.0,0.0,0.0,0.0,0.0,0.0,22,Website,20,0,98.46954545454545,0.0,0.0,0
465,51,F,Single,Low,4,1217.08,304.27,278.15500000000003,449.3,211.47,108.5108341749032,3,0.5,1,215,0.018518518518518517,2,1,0,0,1,0.0,0.0,0.0,0.0,0.0,0.0,0.0,0.0,0.0,0.0,0.0,46,Website,47,0,26.458260869565216,0.0,0.0,0
466,69,M,Widowed,High,8,1918.1599999999999,239.76999999999998,234.415,419.63,33.87,157.6349234329572,4,0.375,65,253,0.031496062992125984,0,2,2,2,2,0.0,0.0,0.0,0.0,0.0,0.0,0.0,0.0,0.0,0.0,0.0,28,Online Banking,189,1,68.50571428571428,0.0,0.0,0
467,69,M,Divorced,Low,4,1104.21,276.0525,347.74,382.23,26.5,167.40114284257442,3,0.75,34,284,0.014035087719298246,1,2,0,0,1,1.0,0.0,0.0,0.0,256.0,0.0,0.0,1.0,0.0,1.0,0.0,9,Website,14,0,122.69,0.25,0.0,1
468,40,M,Married,High,4,818.31,204.5775,182.115,405.82,48.26,154.00209270764256,3,0.25,219,135,0.029411764705882353,0,1,2,1,0,0.0,0.0,0.0,0.0,0.0,0.0,0.0,0.0,0.0,0.0,0.0,31,Online Banking,8,0,26.397096774193546,0.0,0.0,0
469,25,M,Divorced,Low,6,1626.7,271.1166666666667,310.67499999999995,457.86,8.68,176.1862724126561,4,0.5,15,272,0.02197802197802198,1,1,2,2,0,2.0,2.0,0.0,1.0,182.0,149.0,0.0,0.0,2.0,0.0,2.0,4,Mobile App,68,1,406.675,0.3333333333333333,0.0,1
470,59,F,Married,Medium,6,1916.68,319.44666666666666,330.395,483.16,67.36,155.35667474127615,5,0.16666666666666666,37,251,0.023809523809523808,1,2,1,1,1,1.0,1.0,0.0,1.0,286.0,0.0,0.0,1.0,0.0,0.0,1.0,5,Website,205,1,383.336,0.16666666666666666,0.0,1
471,67,F,Married,Low,5,1109.17,221.834,312.92,342.44,42.84,145.73727278908441,4,0.6,119,211,0.02358490566037736,1,2,1,0,1,2.0,1.0,1.0,0.5,187.0,158.0,1.0,0.0,1.0,1.0,1.0,13,Mobile App,355,0,85.32076923076923,0.4,0.2,0
472,27,F,Widowed,Low,9,2217.2799999999997,246.36444444444442,250.92,427.46,85.83,95.12222940920685,5,0.2222222222222222,1,361,0.024861878453038673,3,1,1,2,2,0.0,0.0,0.0,0.0,0.0,0.0,0.0,0.0,0.0,0.0,0.0,6,Mobile App,1,0,369.5466666666666,0.0,0.0,1
473,18,M,Married,Low,3,251.45999999999998,83.82,71.14,143.65,36.67,54.60555740947986,3,0.6666666666666666,8,279,0.010714285714285714,1,0,0,1,1,0.0,0.0,0.0,0.0,0.0,0.0,0.0,0.0,0.0,0.0,0.0,23,Online Banking,348,0,10.933043478260869,0.0,0.0,0
474,37,M,Widowed,Low,9,2460.07,273.3411111111111,290.72,499.06,55.04,153.8312726207227,4,0.4444444444444444,4,253,0.03543307086614173,2,2,2,0,3,2.0,1.0,1.0,0.5,144.0,54.0,1.0,0.0,1.0,1.0,1.0,47,Online Banking,291,0,52.34191489361702,0.2222222222222222,0.1111111111111111,0
475,54,F,Married,High,6,1635.1299999999999,272.52166666666665,293.925,494.32,91.4,152.21928201337263,3,0.0,59,294,0.020338983050847456,3,0,2,1,0,1.0,0.0,1.0,0.0,184.0,0.0,1.0,0.0,0.0,1.0,0.0,35,Mobile App,237,0,46.717999999999996,0.16666666666666666,0.16666666666666666,0
476,35,M,Widowed,Medium,8,2145.93,268.24125,285.24,429.79,69.46,135.879922877044,3,0.125,53,258,0.03088803088803089,0,2,0,4,2,1.0,0.0,0.0,0.0,74.0,0.0,0.0,0.0,1.0,1.0,0.0,34,Mobile App,335,0,63.11558823529411,0.125,0.0,0
477,38,M,Widowed,Medium,6,806.96,134.49333333333334,128.64,255.12,16.38,106.29413881614859,4,0.3333333333333333,27,327,0.018292682926829267,0,1,2,2,1,0.0,0.0,0.0,0.0,0.0,0.0,0.0,0.0,0.0,0.0,0.0,38,Online Banking,41,0,21.23578947368421,0.0,0.0,0
478,66,M,Single,Low,5,1615.8400000000001,323.168,416.95,499.13,99.23,173.16880469645795,3,0.6,45,311,0.016025641025641024,0,3,1,1,0,0.0,0.0,0.0,0.0,0.0,0.0,0.0,0.0,0.0,0.0,0.0,34,Mobile App,168,1,47.52470588235295,0.0,0.0,0
479,21,F,Widowed,Low,5,1184.28,236.856,198.76,480.06,48.21,169.09627651134133,4,0.4,56,275,0.018115942028985508,1,0,2,1,1,2.0,1.0,0.0,0.5,106.0,86.0,0.0,2.0,0.0,1.0,1.0,11,Website,119,0,107.66181818181818,0.4,0.0,0
480,60,M,Widowed,Medium,8,1351.01,168.87625,174.19,435.22,10.01,141.23542695367092,4,0.125,41,230,0.03463203463203463,3,3,1,0,1,1.0,1.0,0.0,1.0,354.0,0.0,0.0,1.0,0.0,0.0,1.0,6,Website,205,1,225.16833333333332,0.125,0.0,1
481,19,F,Widowed,Medium,9,3386.04,376.2266666666667,360.91,495.85,201.52,86.12866581458232,3,0.6666666666666666,153,178,0.05027932960893855,6,0,2,1,0,1.0,0.0,0.0,0.0,253.0,0.0,0.0,0.0,1.0,1.0,0.0,32,Website,165,0,105.81375,0.1111111111111111,0.0,0
482,38,M,Single,Medium,9,2624.42,291.6022222222222,288.09,490.59,55.8,170.85871164340566,3,0.1111111111111111,86,220,0.04072398190045249,0,3,4,0,2,2.0,0.0,0.0,0.0,291.0,43.0,0.0,2.0,0.0,2.0,0.0,35,Website,340,1,74.98342857142858,0.2222222222222222,0.0,0
483,54,F,Divorced,Medium,6,1262.48,210.41333333333333,159.14000000000001,444.73,47.23,183.9909402842071,4,0.16666666666666666,59,305,0.0196078431372549,0,2,2,1,1,1.0,1.0,0.0,1.0,53.0,0.0,0.0,1.0,0.0,0.0,1.0,34,Mobile App,283,0,37.131764705882354,0.16666666666666666,0.0,0
484,22,M,Divorced,Low,7,988.39,141.19857142857143,52.17,478.79,14.45,172.2055375056768,3,0.0,45,267,0.026119402985074626,0,2,1,0,4,0.0,0.0,0.0,0.0,0.0,0.0,0.0,0.0,0.0,0.0,0.0,43,Mobile App,262,0,22.98581395348837,0.0,0.0,0
485,34,M,Single,Medium,7,2129.71,304.2442857142857,408.97,490.33,20.84,180.95342824947554,5,0.14285714285714285,11,300,0.023255813953488372,2,1,1,1,2,1.0,0.0,0.0,0.0,46.0,0.0,0.0,0.0,1.0,1.0,0.0,28,Mobile App,107,0,76.06107142857142,0.14285714285714285,0.0,0
486,66,F,Widowed,Low,4,758.73,189.6825,209.095,256.77,83.77,76.02464923738002,3,0.0,60,211,0.018867924528301886,0,0,1,2,1,2.0,1.0,1.0,0.5,149.0,172.0,1.0,1.0,0.0,1.0,1.0,5,Online Banking,135,0,151.746,0.5,0.25,1
487,65,F,Widowed,Low,7,1624.23,232.03285714285715,251.86,440.31,49.9,124.94616063386205,4,0.5714285714285714,7,283,0.02464788732394366,2,1,2,2,0,2.0,1.0,0.0,0.5,52.0,42.0,0.0,0.0,2.0,1.0,1.0,34,Mobile App,81,0,47.771470588235296,0.2857142857142857,0.0,0
488,28,F,Married,Medium,1,393.84,393.84,393.84,393.84,393.84,0.0,1,0.0,93,0,1.0,1,0,0,0,0,0.0,0.0,0.0,0.0,0.0,0.0,0.0,0.0,0.0,0.0,0.0,33,Mobile App,200,1,11.934545454545454,0.0,0.0,0
489,63,M,Divorced,High,6,1101.11,183.51833333333332,189.815,299.42,31.54,91.53510876525284,3,0.6666666666666666,41,293,0.02040816326530612,0,3,0,1,2,0.0,0.0,0.0,0.0,0.0,0.0,0.0,0.0,0.0,0.0,0.0,12,Online Banking,38,0,91.75916666666666,0.0,0.0,0
490,58,F,Widowed,Low,7,2063.08,294.7257142857143,278.71,447.54,20.32,157.99159585846573,5,0.14285714285714285,41,216,0.03225806451612903,1,1,1,2,2,2.0,1.0,0.0,0.5,114.0,199.0,0.0,2.0,0.0,1.0,1.0,40,Online Banking,306,0,51.577,0.2857142857142857,0.0,0
491,48,M,Widowed,Medium,6,1483.12,247.18666666666664,203.41500000000002,458.4,52.61,159.38675775191194,4,0.16666666666666666,54,216,0.027649769585253458,1,0,1,3,1,1.0,0.0,0.0,0.0,2.0,0.0,0.0,0.0,1.0,1.0,0.0,44,Website,31,1,33.70727272727272,0.16666666666666666,0.0,0
492,45,F,Divorced,Low,5,1491.8,298.36,258.36,442.45,165.88,123.54405671662234,3,0.0,12,278,0.017921146953405017,1,2,0,0,2,0.0,0.0,0.0,0.0,0.0,0.0,0.0,0.0,0.0,0.0,0.0,38,Online Banking,359,0,39.257894736842104,0.0,0.0,0
493,61,M,Widowed,High,4,976.0,244.0,252.35,424.29,47.01,170.5645062725537,3,0.0,29,249,0.016,1,0,2,1,0,0.0,0.0,0.0,0.0,0.0,0.0,0.0,0.0,0.0,0.0,0.0,44,Online Banking,124,0,22.181818181818183,0.0,0.0,0
494,49,M,Single,Medium,1,269.73,269.73,269.73,269.73,269.73,0.0,1,0.0,214,0,1.0,0,0,1,0,0,1.0,0.0,1.0,0.0,53.0,0.0,1.0,0.0,0.0,1.0,0.0,12,Mobile App,84,0,22.477500000000003,1.0,1.0,0
495,38,M,Widowed,Low,6,1738.1399999999999,289.69,257.6,406.87,219.8,79.46200500868325,5,0.5,23,305,0.0196078431372549,1,1,1,2,1,1.0,1.0,0.0,1.0,253.0,0.0,0.0,0.0,1.0,0.0,1.0,37,Online Banking,358,0,46.97675675675676,0.16666666666666666,0.0,0
496,24,F,Widowed,High,2,216.79,108.395,108.395,112.71,104.08,6.1023315216399014,2,1.0,223,35,0.05555555555555555,1,0,0,0,1,1.0,0.0,0.0,0.0,337.0,0.0,0.0,1.0,0.0,1.0,0.0,1,Website,2,0,216.79,0.5,0.0,1
497,27,M,Divorced,High,6,1554.77,259.12833333333333,238.89499999999998,451.67,97.06,165.18122791850976,4,0.3333333333333333,17,259,0.023076923076923078,0,1,2,2,1,2.0,2.0,2.0,1.0,216.0,51.0,2.0,0.0,0.0,0.0,2.0,40,Mobile App,123,0,38.86925,0.3333333333333333,0.3333333333333333,0
498,45,F,Single,Low,2,763.91,381.955,381.955,438.01,325.9,79.27374123882385,2,1.0,161,182,0.01092896174863388,1,0,0,1,0,0.0,0.0,0.0,0.0,0.0,0.0,0.0,0.0,0.0,0.0,0.0,5,Website,186,1,152.78199999999998,0.0,0.0,1
499,65,M,Married,Medium,2,458.77,229.385,229.385,335.67,123.1,150.30968847682442,2,1.0,35,48,0.04081632653061224,1,1,0,0,0,1.0,0.0,1.0,0.0,357.0,0.0,1.0,0.0,0.0,1.0,0.0,2,Mobile App,31,0,229.385,0.5,0.5,1
500,53,M,Divorced,Medium,9,2429.2200000000003,269.91333333333336,285.66,475.94,28.92,168.83393320064542,5,0.3333333333333333,64,232,0.03862660944206009,1,3,1,3,1,0.0,0.0,0.0,0.0,0.0,0.0,0.0,0.0,0.0,0.0,0.0,46,Online Banking,39,0,52.80913043478262,0.0,0.0,0
501,37,M,Married,Low,8,1317.1799999999998,164.64749999999998,77.845,438.28,13.43,161.43882625139642,5,0.25,2,325,0.024539877300613498,1,1,4,1,1,0.0,0.0,0.0,0.0,0.0,0.0,0.0,0.0,0.0,0.0,0.0,25,Online Banking,260,0,52.68719999999999,0.0,0.0,0
502,30,M,Married,High,4,703.3299999999999,175.83249999999998,155.5,332.58,59.75,126.34961795879451,3,0.75,42,238,0.016736401673640166,0,1,0,2,1,2.0,2.0,1.0,1.0,271.0,60.0,1.0,1.0,0.0,0.0,2.0,38,Mobile App,102,0,18.508684210526315,0.5,0.25,0
503,36,F,Single,High,6,1336.58,222.76333333333332,238.98499999999999,335.28,20.26,113.26444749640845,4,0.3333333333333333,29,265,0.022556390977443608,1,0,1,3,1,0.0,0.0,0.0,0.0,0.0,0.0,0.0,0.0,0.0,0.0,0.0,25,Website,24,0,53.4632,0.0,0.0,0
504,67,M,Married,High,3,551.93,183.97666666666666,212.09,229.14,110.7,64.02950908240147,3,0.0,218,107,0.027777777777777776,1,0,0,1,1,1.0,1.0,0.0,1.0,207.0,0.0,0.0,1.0,0.0,0.0,1.0,48,Mobile App,57,0,11.498541666666666,0.3333333333333333,0.0,0
505,28,M,Single,High,7,2312.7,330.38571428571424,324.56,466.66,220.69,83.76184112453254,3,0.42857142857142855,12,306,0.02280130293159609,3,2,0,2,0,2.0,1.0,2.0,0.5,230.0,56.0,2.0,0.0,0.0,1.0,1.0,22,Mobile App,191,0,105.12272727272726,0.2857142857142857,0.2857142857142857,0
506,52,F,Widowed,Low,4,1009.74,252.435,277.76,385.66,68.56,136.31067493046905,3,0.25,287,61,0.06451612903225806,0,1,1,0,2,2.0,2.0,1.0,1.0,226.0,112.0,1.0,0.0,1.0,0.0,2.0,1,Online Banking,143,1,1009.74,0.5,0.25,1
507,51,M,Single,High,9,2325.03,258.3366666666667,250.28,496.88,41.49,190.78804345398586,4,0.3333333333333333,81,252,0.03557312252964427,1,2,2,4,0,2.0,1.0,1.0,0.5,34.0,69.0,1.0,0.0,1.0,1.0,1.0,25,Online Banking,77,1,93.00120000000001,0.2222222222222222,0.1111111111111111,0
508,61,F,Divorced,Low,5,1536.61,307.322,294.7,436.7,225.5,89.02592891961307,3,0.2,93,269,0.018518518518518517,3,0,0,1,1,0.0,0.0,0.0,0.0,0.0,0.0,0.0,0.0,0.0,0.0,0.0,33,Online Banking,71,0,46.56393939393939,0.0,0.0,0
509,21,F,Married,Medium,9,2446.54,271.8377777777778,223.45,468.44,91.13,160.00182848781589,5,0.5555555555555556,4,316,0.028391167192429023,2,2,2,1,2,1.0,1.0,0.0,1.0,132.0,0.0,0.0,0.0,1.0,0.0,1.0,22,Website,145,1,111.20636363636363,0.1111111111111111,0.0,0
510,30,M,Single,Medium,1,392.1,392.1,392.1,392.1,392.1,0.0,1,0.0,274,0,1.0,0,0,0,0,1,1.0,1.0,1.0,1.0,67.0,0.0,1.0,0.0,0.0,0.0,1.0,31,Mobile App,180,1,12.648387096774194,1.0,1.0,0
511,54,M,Divorced,High,9,2027.8799999999999,225.32,206.95,424.16,7.23,126.05009549778215,5,0.4444444444444444,7,329,0.02727272727272727,2,2,1,3,1,1.0,0.0,1.0,0.0,358.0,0.0,1.0,0.0,0.0,1.0,0.0,19,Online Banking,322,1,106.73052631578946,0.1111111111111111,0.1111111111111111,0
512,19,F,Single,High,5,1362.35,272.46999999999997,340.3,470.01,29.73,203.34237421157448,3,0.2,28,243,0.020491803278688523,1,0,0,2,2,0.0,0.0,0.0,0.0,0.0,0.0,0.0,0.0,0.0,0.0,0.0,48,Mobile App,151,0,28.382291666666664,0.0,0.0,0
513,67,F,Married,High,1,172.81,172.81,172.81,172.81,172.81,0.0,1,1.0,195,0,1.0,0,1,0,0,0,0.0,0.0,0.0,0.0,0.0,0.0,0.0,0.0,0.0,0.0,0.0,18,Online Banking,196,0,9.600555555555555,0.0,0.0,0
514,18,F,Married,Medium,6,1606.29,267.715,298.22,417.84,96.18,124.86519943523095,4,0.3333333333333333,64,272,0.02197802197802198,1,1,2,2,0,0.0,0.0,0.0,0.0,0.0,0.0,0.0,0.0,0.0,0.0,0.0,1,Mobile App,161,0,1606.29,0.0,0.0,1
515,57,F,Divorced,Low,6,1639.58,273.2633333333333,337.895,439.65,21.16,195.24630625614063,4,0.5,28,334,0.01791044776119403,0,2,1,2,1,0.0,0.0,0.0,0.0,0.0,0.0,0.0,0.0,0.0,0.0,0.0,19,Online Banking,359,0,86.29368421052631,0.0,0.0,0
516,42,F,Divorced,Low,3,612.22,204.07333333333335,122.17,479.35,10.7,244.82508579255793,2,0.3333333333333333,98,239,0.0125,0,1,0,2,0,0.0,0.0,0.0,0.0,0.0,0.0,0.0,0.0,0.0,0.0,0.0,14,Mobile App,3,1,43.730000000000004,0.0,0.0,0
517,54,F,Divorced,Low,5,1073.98,214.796,211.22,406.43,71.46,141.51633096572283,3,0.2,10,274,0.01818181818181818,2,0,2,0,1,0.0,0.0,0.0,0.0,0.0,0.0,0.0,0.0,0.0,0.0,0.0,11,Online Banking,354,0,97.63454545454546,0.0,0.0,0
518,53,F,Divorced,High,9,3078.6,342.06666666666666,367.95,459.05,85.19,116.61411417577204,5,0.4444444444444444,48,294,0.030508474576271188,3,1,1,1,3,2.0,1.0,0.0,0.5,244.0,7.0,0.0,1.0,1.0,1.0,1.0,8,Mobile App,97,1,384.825,0.2222222222222222,0.0,1
519,23,F,Divorced,Low,9,1894.4,210.4888888888889,164.16,440.76,19.95,147.06206950166012,5,0.2222222222222222,39,207,0.04326923076923077,2,1,2,2,2,2.0,1.0,2.0,0.5,173.0,39.0,2.0,0.0,0.0,1.0,1.0,18,Mobile App,205,0,105.24444444444445,0.2222222222222222,0.2222222222222222,0
520,24,M,Married,High,5,1959.29,391.858,432.33,473.21,177.19,121.9078410931799,3,0.0,15,242,0.0205761316872428,1,1,0,3,0,2.0,0.0,1.0,0.0,124.0,84.0,1.0,0.0,1.0,2.0,0.0,9,Mobile App,168,0,217.6988888888889,0.4,0.2,1
521,21,F,Widowed,Medium,2,645.75,322.875,322.875,440.27,205.48,166.02160115478947,2,0.0,263,90,0.02197802197802198,0,0,1,1,0,2.0,1.0,1.0,0.5,226.0,107.0,1.0,1.0,0.0,1.0,1.0,43,Website,325,1,15.017441860465116,1.0,0.5,0
522,52,M,Divorced,Low,9,2557.54,284.1711111111111,368.47,496.06,47.53,197.63828914486967,5,0.4444444444444444,52,270,0.033210332103321034,1,3,3,1,1,2.0,1.0,0.0,0.5,110.0,8.0,0.0,2.0,0.0,1.0,1.0,28,Website,107,0,91.34071428571428,0.2222222222222222,0.0,0
523,58,M,Widowed,High,9,2090.02,232.22444444444443,223.03,445.04,10.03,154.39370446290152,5,0.3333333333333333,7,338,0.02654867256637168,2,1,3,1,2,0.0,0.0,0.0,0.0,0.0,0.0,0.0,0.0,0.0,0.0,0.0,11,Mobile App,131,0,190.00181818181818,0.0,0.0,0
524,51,F,Divorced,Low,9,2565.36,285.04,254.73,429.98,40.78,128.59089188196808,4,0.3333333333333333,38,245,0.036585365853658534,1,4,0,3,1,1.0,1.0,0.0,1.0,143.0,0.0,0.0,1.0,0.0,0.0,1.0,49,Online Banking,62,0,52.354285714285716,0.1111111111111111,0.0,0
525,46,F,Divorced,Medium,4,462.44,115.61,105.4,172.97,78.67,45.774080001677795,3,0.5,106,257,0.015503875968992248,0,1,0,1,2,1.0,1.0,0.0,1.0,36.0,0.0,0.0,0.0,1.0,0.0,1.0,41,Website,24,0,11.279024390243903,0.25,0.0,0
526,22,M,Divorced,Low,4,446.32,111.58,110.065,143.03,83.16,31.506609888508578,3,0.25,97,241,0.01652892561983471,2,1,0,0,1,1.0,0.0,0.0,0.0,284.0,0.0,0.0,1.0,0.0,1.0,0.0,30,Online Banking,320,0,14.877333333333333,0.25,0.0,0
527,44,M,Married,Low,3,343.51,114.50333333333333,132.53,194.57,16.41,90.43764113096567,2,0.0,9,220,0.013574660633484163,0,0,1,2,0,0.0,0.0,0.0,0.0,0.0,0.0,0.0,0.0,0.0,0.0,0.0,44,Online Banking,3,0,7.807045454545454,0.0,0.0,0
528,50,F,Widowed,Medium,6,1353.55,225.59166666666667,227.76,480.52,24.4,165.99227962970647,4,0.3333333333333333,12,320,0.018691588785046728,2,1,2,1,0,1.0,0.0,0.0,0.0,18.0,0.0,0.0,1.0,0.0,1.0,0.0,27,Online Banking,229,0,50.13148148148148,0.16666666666666666,0.0,0
529,63,F,Married,High,8,2333.7200000000003,291.71500000000003,352.345,492.19,84.17,144.90557989847832,4,0.25,40,227,0.03508771929824561,2,0,1,1,4,1.0,1.0,0.0,1.0,351.0,0.0,0.0,1.0,0.0,0.0,1.0,26,Online Banking,227,0,89.75846153846155,0.125,0.0,0
530,69,F,Single,High,6,1311.6399999999999,218.60666666666665,217.375,405.02,48.97,143.6946669388487,4,0.16666666666666666,35,166,0.03592814371257485,1,0,1,2,2,0.0,0.0,0.0,0.0,0.0,0.0,0.0,0.0,0.0,0.0,0.0,49,Mobile App,25,1,26.76816326530612,0.0,0.0,0
531,27,F,Divorced,High,9,2008.12,223.12444444444444,200.72,428.38,77.95,118.0182566503072,4,0.1111111111111111,46,270,0.033210332103321034,1,4,0,2,2,1.0,1.0,1.0,1.0,110.0,0.0,1.0,0.0,0.0,0.0,1.0,12,Online Banking,52,1,167.34333333333333,0.1111111111111111,0.1111111111111111,0
532,23,M,Divorced,Low,8,2372.58,296.5725,361.46,478.9,48.85,177.40426349764783,3,0.25,40,320,0.024922118380062305,1,2,5,0,0,2.0,1.0,1.0,0.5,151.0,192.0,1.0,1.0,0.0,1.0,1.0,38,Website,70,0,62.43631578947368,0.25,0.125,0
533,51,M,Widowed,Low,1,388.31,388.31,388.31,388.31,388.31,0.0,1,1.0,111,0,1.0,1,0,0,0,0,1.0,1.0,0.0,1.0,348.0,0.0,0.0,1.0,0.0,0.0,1.0,27,Mobile App,63,0,14.381851851851852,1.0,0.0,0
534,25,M,Married,High,3,536.31,178.76999999999998,219.76,285.77,30.78,132.34466404052714,3,0.6666666666666666,28,224,0.013333333333333334,1,1,1,0,0,2.0,2.0,1.0,1.0,48.0,54.0,1.0,0.0,1.0,0.0,2.0,37,Mobile App,137,0,14.494864864864864,0.6666666666666666,0.3333333333333333,0
535,48,M,Married,High,8,2145.98,268.2475,274.835,369.51,147.61,79.41691251148677,3,0.5,34,275,0.028985507246376812,3,1,0,4,0,0.0,0.0,0.0,0.0,0.0,0.0,0.0,0.0,0.0,0.0,0.0,17,Mobile App,188,0,126.23411764705882,0.0,0.0,0
536,26,M,Married,Low,4,1639.36,409.84,400.975,491.76,345.65,68.26402224695916,3,0.25,133,173,0.022988505747126436,0,1,1,2,0,1.0,1.0,0.0,1.0,163.0,0.0,0.0,1.0,0.0,0.0,1.0,46,Mobile App,51,0,35.638260869565215,0.25,0.0,0
537,38,M,Divorced,High,6,2067.57,344.595,358.98,473.47,181.71,133.21812950946278,4,0.3333333333333333,2,335,0.017857142857142856,2,1,2,1,0,0.0,0.0,0.0,0.0,0.0,0.0,0.0,0.0,0.0,0.0,0.0,9,Online Banking,218,1,229.73000000000002,0.0,0.0,1
538,25,M,Widowed,High,2,651.88,325.94,325.94,411.91,239.97,121.57993995721502,2,0.0,164,51,0.038461538461538464,0,0,0,1,1,2.0,1.0,0.0,0.5,11.0,315.0,0.0,1.0,1.0,1.0,1.0,6,Online Banking,201,0,108.64666666666666,1.0,0.0,1
539,21,F,Single,Low,6,1286.35,214.39166666666665,218.625,373.94,70.36,117.75510475842086,4,0.5,115,248,0.024096385542168676,2,2,0,1,1,2.0,1.0,0.0,0.5,104.0,46.0,0.0,1.0,1.0,1.0,1.0,13,Mobile App,100,0,98.94999999999999,0.3333333333333333,0.0,0
540,39,F,Single,Medium,2,649.47,324.735,324.735,440.22,209.25,163.3204532506569,2,0.5,245,92,0.021505376344086023,1,1,0,0,0,1.0,1.0,0.0,1.0,173.0,0.0,0.0,1.0,0.0,0.0,1.0,6,Online Banking,348,0,108.245,0.5,0.0,1
541,45,F,Married,Low,2,185.03,92.515,92.515,127.29,57.74,49.17927663152438,2,0.0,176,58,0.03389830508474576,1,1,0,0,0,2.0,1.0,2.0,0.5,119.0,244.0,2.0,0.0,0.0,1.0,1.0,38,Mobile App,100,0,4.86921052631579,1.0,1.0,0
542,62,F,Widowed,High,3,344.77,114.92333333333333,85.47,207.32,51.98,81.75116533318244,3,0.3333333333333333,85,236,0.012658227848101266,1,1,1,0,0,0.0,0.0,0.0,0.0,0.0,0.0,0.0,0.0,0.0,0.0,0.0,4,Mobile App,177,0,86.1925,0.0,0.0,1
543,21,M,Married,High,5,939.83,187.966,126.55,353.75,17.64,150.13000809298586,4,0.0,22,336,0.01483679525222552,1,1,0,1,2,1.0,1.0,1.0,1.0,327.0,0.0,1.0,0.0,0.0,0.0,1.0,16,Online Banking,128,1,58.739375,0.2,0.2,0
544,56,M,Married,Medium,4,1099.45,274.8625,254.885,445.72,143.96,148.3635638951379,3,0.0,3,350,0.011396011396011397,1,0,2,0,1,1.0,1.0,1.0,1.0,209.0,0.0,1.0,0.0,0.0,0.0,1.0,36,Website,313,0,30.540277777777778,0.25,0.25,0
545,38,F,Married,Medium,2,452.87,226.435,226.435,257.09,195.78,43.3527167545472,2,1.0,90,182,0.01092896174863388,0,1,0,0,1,2.0,0.0,1.0,0.0,114.0,26.0,1.0,0.0,1.0,2.0,0.0,43,Website,84,1,10.53186046511628,1.0,0.5,0
546,25,M,Single,Low,2,575.05,287.525,287.525,426.34,148.71,196.3140556608212,2,0.0,340,4,0.4,0,0,1,0,1,2.0,0.0,2.0,0.0,117.0,16.0,2.0,0.0,0.0,2.0,0.0,14,Online Banking,324,0,41.074999999999996,1.0,1.0,0
547,37,M,Single,Medium,3,716.14,238.71333333333334,165.9,402.88,147.36,142.47439676423738,2,0.3333333333333333,21,324,0.009230769230769232,2,1,0,0,0,0.0,0.0,0.0,0.0,0.0,0.0,0.0,0.0,0.0,0.0,0.0,29,Website,343,0,24.69448275862069,0.0,0.0,0
548,49,M,Married,High,9,2116.14,235.12666666666667,210.25,384.59,26.64,136.39399015352546,5,0.3333333333333333,10,318,0.02821316614420063,3,2,1,2,1,0.0,0.0,0.0,0.0,0.0,0.0,0.0,0.0,0.0,0.0,0.0,24,Website,32,0,88.1725,0.0,0.0,0
549,18,M,Widowed,High,2,358.67,179.335,179.335,264.66,94.01,120.66777220948435,1,0.0,66,202,0.009852216748768473,2,0,0,0,0,0.0,0.0,0.0,0.0,0.0,0.0,0.0,0.0,0.0,0.0,0.0,39,Mobile App,120,0,9.196666666666667,0.0,0.0,0
550,23,F,Single,High,8,2140.26,267.5325,335.04999999999995,381.24,24.61,150.1481410141331,4,0.125,9,204,0.03902439024390244,2,0,2,1,3,2.0,1.0,1.0,0.5,8.0,18.0,1.0,0.0,1.0,1.0,1.0,39,Online Banking,1,0,54.87846153846154,0.25,0.125,0
551,45,F,Married,High,9,3027.91,336.4344444444444,361.36,433.34,196.6,89.21437175577587,5,0.4444444444444444,30,268,0.03345724907063197,3,2,1,2,1,2.0,2.0,1.0,1.0,183.0,178.0,1.0,1.0,0.0,0.0,2.0,45,Mobile App,362,0,67.28688888888888,0.2222222222222222,0.1111111111111111,0
552,61,F,Single,Medium,3,1049.96,349.9866666666667,298.78,459.74,291.44,95.12000070086908,2,0.0,120,101,0.029411764705882353,2,0,0,1,0,0.0,0.0,0.0,0.0,0.0,0.0,0.0,0.0,0.0,0.0,0.0,25,Website,329,0,41.998400000000004,0.0,0.0,0
553,48,F,Divorced,High,7,2125.61,303.65857142857146,438.46,494.3,70.02,191.26101714921518,5,0.14285714285714285,33,258,0.02702702702702703,1,2,2,1,1,0.0,0.0,0.0,0.0,0.0,0.0,0.0,0.0,0.0,0.0,0.0,46,Website,37,0,46.20891304347826,0.0,0.0,0
554,27,M,Divorced,High,6,1822.54,303.75666666666666,277.59000000000003,483.2,184.93,107.89105480375407,5,0.16666666666666666,6,187,0.031914893617021274,2,1,1,1,1,1.0,0.0,0.0,0.0,275.0,0.0,0.0,1.0,0.0,1.0,0.0,46,Mobile App,97,0,39.6204347826087,0.16666666666666666,0.0,0
555,37,F,Single,High,2,393.99,196.995,196.995,293.7,100.29,136.76152254929013,2,0.0,78,178,0.0111731843575419,0,1,1,0,0,0.0,0.0,0.0,0.0,0.0,0.0,0.0,0.0,0.0,0.0,0.0,3,Website,52,0,131.33,0.0,0.0,1
556,25,M,Married,Low,7,2132.54,304.6485714285714,281.8,444.42,83.91,120.65488516544083,4,0.42857142857142855,2,351,0.019886363636363636,1,2,1,0,3,1.0,0.0,0.0,0.0,59.0,0.0,0.0,1.0,0.0,1.0,0.0,42,Online Banking,325,0,50.7747619047619,0.14285714285714285,0.0,0
557,39,F,Single,Low,3,1179.98,393.32666666666665,382.14,483.12,314.72,84.75550798227412,3,0.0,17,335,0.008928571428571428,1,0,0,1,1,2.0,1.0,0.0,0.5,7.0,224.0,0.0,2.0,0.0,1.0,1.0,27,Online Banking,29,0,43.702962962962964,0.6666666666666666,0.0,0
558,55,M,Widowed,High,6,1722.97,287.1616666666667,326.42,451.1,30.81,166.44585767349895,5,0.16666666666666666,39,325,0.018404907975460124,1,2,1,1,1,0.0,0.0,0.0,0.0,0.0,0.0,0.0,0.0,0.0,0.0,0.0,12,Online Banking,68,0,143.58083333333335,0.0,0.0,0
559,46,F,Married,Medium,7,2151.66,307.38,290.65,490.24,156.5,122.8271017867528,4,0.14285714285714285,75,248,0.028112449799196786,3,1,1,2,0,1.0,1.0,1.0,1.0,345.0,0.0,1.0,0.0,0.0,0.0,1.0,43,Website,138,0,50.038604651162785,0.14285714285714285,0.14285714285714285,0
560,26,M,Married,Medium,2,203.34,101.67,101.67,196.08,7.26,133.51590242364392,2,1.0,21,195,0.01020408163265306,0,0,0,1,1,0.0,0.0,0.0,0.0,0.0,0.0,0.0,0.0,0.0,0.0,0.0,2,Mobile App,11,1,101.67,0.0,0.0,1
561,61,M,Married,Low,6,1369.4,228.23333333333335,242.195,378.48,35.65,134.37672427420856,3,0.5,6,334,0.01791044776119403,1,4,0,1,0,1.0,0.0,0.0,0.0,253.0,0.0,0.0,1.0,0.0,1.0,0.0,38,Online Banking,70,0,36.03684210526316,0.16666666666666666,0.0,0
562,64,M,Married,Low,9,2160.95,240.10555555555553,269.33,412.33,46.83,130.74557804292186,5,0.5555555555555556,41,291,0.030821917808219176,2,1,1,2,3,0.0,0.0,0.0,0.0,0.0,0.0,0.0,0.0,0.0,0.0,0.0,26,Online Banking,232,1,83.11346153846154,0.0,0.0,0
563,18,M,Widowed,Medium,5,1090.13,218.026,281.41,377.69,27.71,156.80521939654943,2,0.2,11,329,0.015151515151515152,4,1,0,0,0,0.0,0.0,0.0,0.0,0.0,0.0,0.0,0.0,0.0,0.0,0.0,29,Mobile App,202,0,37.59068965517242,0.0,0.0,0
564,58,M,Single,Low,7,1859.23,265.6042857142857,236.75,453.42,84.91,146.7097230198852,3,0.2857142857142857,25,232,0.030042918454935622,0,0,4,1,2,0.0,0.0,0.0,0.0,0.0,0.0,0.0,0.0,0.0,0.0,0.0,45,Online Banking,208,0,41.31622222222222,0.0,0.0,0
565,69,M,Single,Low,6,2436.25,406.0416666666667,447.95,499.51,152.13,129.22229798555148,3,0.16666666666666666,27,317,0.018867924528301886,1,0,0,3,2,2.0,1.0,0.0,0.5,62.0,147.0,0.0,0.0,2.0,1.0,1.0,30,Website,253,1,81.20833333333333,0.3333333333333333,0.0,0
566,56,M,Divorced,High,7,1867.21,266.7442857142857,256.55,481.23,13.95,178.62329195424496,4,0.2857142857142857,29,328,0.02127659574468085,1,0,1,3,2,0.0,0.0,0.0,0.0,0.0,0.0,0.0,0.0,0.0,0.0,0.0,38,Online Banking,199,0,49.1371052631579,0.0,0.0,0
567,43,M,Married,Medium,1,472.36,472.36,472.36,472.36,472.36,0.0,1,0.0,355,0,1.0,0,0,0,0,1,0.0,0.0,0.0,0.0,0.0,0.0,0.0,0.0,0.0,0.0,0.0,41,Online Banking,34,0,11.520975609756098,0.0,0.0,0
568,28,M,Divorced,High,3,1051.21,350.40333333333336,403.85,466.53,180.83,150.1616866358837,2,0.3333333333333333,78,152,0.0196078431372549,0,0,1,0,2,1.0,0.0,0.0,0.0,172.0,0.0,0.0,1.0,0.0,1.0,0.0,32,Online Banking,137,0,32.8503125,0.3333333333333333,0.0,0
569,69,F,Widowed,Low,6,1550.8500000000001,258.475,217.64,423.99,86.54,136.29845336613326,4,0.3333333333333333,24,207,0.028846153846153848,1,1,2,2,0,1.0,0.0,1.0,0.0,70.0,0.0,1.0,0.0,0.0,1.0,0.0,38,Online Banking,39,0,40.81184210526316,0.16666666666666666,0.16666666666666666,0
570,52,F,Single,Low,7,2358.04,336.86285714285714,366.96,496.44,41.32,151.33295044528865,4,0.2857142857142857,106,207,0.03365384615384615,1,2,0,1,3,2.0,1.0,1.0,0.5,61.0,67.0,1.0,1.0,0.0,1.0,1.0,21,Mobile App,149,0,112.28761904761905,0.2857142857142857,0.14285714285714285,0
571,41,F,Single,Low,3,962.48,320.82666666666665,262.86,471.98,227.64,132.08182968649905,2,0.0,65,157,0.0189873417721519,2,0,0,1,0,1.0,1.0,0.0,1.0,291.0,0.0,0.0,1.0,0.0,0.0,1.0,8,Website,250,0,120.31,0.3333333333333333,0.0,1
572,50,F,Married,Low,2,538.06,269.03,269.03,460.59,77.47,270.90675000819004,2,0.0,2,15,0.125,0,1,1,0,0,0.0,0.0,0.0,0.0,0.0,0.0,0.0,0.0,0.0,0.0,0.0,6,Website,339,0,89.67666666666666,0.0,0.0,1
573,37,F,Single,Medium,5,1331.4,266.28000000000003,305.3,496.06,15.56,207.11769757797137,2,0.2,57,270,0.01845018450184502,0,2,0,0,3,0.0,0.0,0.0,0.0,0.0,0.0,0.0,0.0,0.0,0.0,0.0,4,Website,342,0,332.85,0.0,0.0,1
574,44,M,Widowed,Medium,9,2437.4,270.82222222222225,276.62,408.72,107.03,100.49462134584341,4,0.3333333333333333,0,300,0.029900332225913623,0,1,1,3,4,1.0,0.0,0.0,0.0,91.0,0.0,0.0,1.0,0.0,1.0,0.0,17,Mobile App,274,1,143.3764705882353,0.1111111111111111,0.0,0
575,32,F,Widowed,Medium,9,1550.26,172.2511111111111,176.51,369.25,48.33,117.13573135944094,4,0.4444444444444444,59,298,0.030100334448160536,2,2,3,2,0,2.0,1.0,1.0,0.5,107.0,39.0,1.0,0.0,1.0,1.0,1.0,21,Mobile App,174,0,73.82190476190476,0.2222222222222222,0.1111111111111111,0
576,50,F,Married,Medium,4,755.9300000000001,188.98250000000002,143.84,393.11,75.14,150.26742658229915,3,0.25,122,165,0.024096385542168676,2,0,0,1,1,2.0,2.0,0.0,1.0,122.0,86.0,0.0,2.0,0.0,0.0,2.0,4,Website,10,1,188.98250000000002,0.5,0.0,1
577,69,M,Divorced,High,8,2373.23,296.65375,363.905,395.48,98.8,121.74621600895858,4,0.125,86,196,0.04060913705583756,1,0,2,2,3,1.0,1.0,0.0,1.0,162.0,0.0,0.0,1.0,0.0,0.0,1.0,35,Website,250,1,67.80657142857143,0.125,0.0,0
578,24,F,Married,High,3,715.6,238.53333333333333,125.52,487.42,102.66,215.84502434231217,3,0.0,75,133,0.022388059701492536,1,0,1,1,0,1.0,0.0,1.0,0.0,100.0,0.0,1.0,0.0,0.0,1.0,0.0,30,Mobile App,252,0,23.853333333333335,0.3333333333333333,0.3333333333333333,0
579,51,F,Widowed,High,2,402.41,201.205,201.205,352.54,49.87,214.02000946173234,1,0.0,163,2,0.6666666666666666,0,0,0,2,0,0.0,0.0,0.0,0.0,0.0,0.0,0.0,0.0,0.0,0.0,0.0,27,Online Banking,222,1,14.904074074074074,0.0,0.0,0
580,62,M,Single,Low,2,232.75,116.375,116.375,126.27,106.48,13.99364319968177,1,0.5,20,46,0.0425531914893617,0,0,0,0,2,2.0,1.0,1.0,0.5,28.0,167.0,1.0,1.0,0.0,1.0,1.0,12,Website,30,0,19.395833333333332,1.0,0.5,0
581,68,F,Single,Medium,2,407.65999999999997,203.82999999999998,203.82999999999998,322.33,85.33,167.58430714121175,2,0.0,180,39,0.05,0,1,0,1,0,1.0,1.0,1.0,1.0,159.0,0.0,1.0,0.0,0.0,0.0,1.0,48,Mobile App,281,0,8.492916666666666,0.5,0.5,0
582,63,F,Single,Medium,7,1876.3600000000001,268.0514285714286,290.97,469.78,18.86,173.08512948147524,3,0.42857142857142855,78,278,0.025089605734767026,4,2,0,0,1,0.0,0.0,0.0,0.0,0.0,0.0,0.0,0.0,0.0,0.0,0.0,20,Online Banking,74,0,93.81800000000001,0.0,0.0,0
583,59,M,Widowed,Medium,4,783.96,195.99,138.925,467.16,38.95,190.40803817066126,3,0.25,114,82,0.04819277108433735,0,2,1,1,0,0.0,0.0,0.0,0.0,0.0,0.0,0.0,0.0,0.0,0.0,0.0,40,Online Banking,319,0,19.599,0.0,0.0,0
584,22,M,Divorced,High,7,1677.08,239.58285714285714,226.48,398.84,122.19,86.4355298694323,4,0.14285714285714285,135,211,0.0330188679245283,0,1,3,1,2,2.0,1.0,1.0,0.5,195.0,87.0,1.0,1.0,0.0,1.0,1.0,44,Online Banking,54,0,38.11545454545455,0.2857142857142857,0.14285714285714285,0
585,47,M,Married,Low,6,1709.36,284.8933333333333,303.945,432.45,38.82,146.46945110386216,4,0.8333333333333334,69,287,0.020833333333333332,2,1,0,2,1,2.0,0.0,0.0,0.0,170.0,81.0,0.0,1.0,1.0,2.0,0.0,41,Online Banking,267,0,41.69170731707317,0.3333333333333333,0.0,0
586,45,M,Divorced,Low,5,1667.53,333.506,373.82,440.22,184.02,111.91232720303871,2,0.4,224,130,0.03816793893129771,0,0,4,0,1,1.0,1.0,0.0,1.0,293.0,0.0,0.0,1.0,0.0,0.0,1.0,33,Online Banking,47,1,50.53121212121212,0.2,0.0,0
587,35,F,Single,Low,3,623.49,207.83,225.15,231.03,167.31,35.21429255288256,3,0.0,43,122,0.024390243902439025,0,0,1,1,1,1.0,0.0,0.0,0.0,12.0,0.0,0.0,0.0,1.0,1.0,0.0,10,Website,274,0,62.349000000000004,0.3333333333333333,0.0,0
588,53,F,Married,High,8,1726.51,215.81375,236.56,465.75,5.65,152.51294295777936,3,0.0,17,345,0.023121387283236993,2,2,4,0,0,2.0,1.0,1.0,0.5,202.0,126.0,1.0,0.0,1.0,1.0,1.0,5,Mobile App,40,1,345.302,0.25,0.125,1
589,20,F,Widowed,Medium,9,2356.94,261.88222222222225,369.13,437.52,27.84,175.27169036796684,3,0.0,2,338,0.02654867256637168,2,6,0,0,1,2.0,1.0,1.0,0.5,41.0,135.0,1.0,0.0,1.0,1.0,1.0,11,Mobile App,255,1,214.26727272727274,0.2222222222222222,0.1111111111111111,0
590,38,M,Widowed,High,9,1383.59,153.73222222222222,117.95,463.01,17.79,136.14506415748036,4,0.1111111111111111,30,307,0.02922077922077922,2,1,0,3,3,0.0,0.0,0.0,0.0,0.0,0.0,0.0,0.0,0.0,0.0,0.0,21,Mobile App,78,0,65.8852380952381,0.0,0.0,0
591,63,F,Divorced,Medium,1,215.12,215.12,215.12,215.12,215.12,0.0,1,0.0,205,0,1.0,0,0,1,0,0,2.0,1.0,1.0,0.5,125.0,18.0,1.0,1.0,0.0,1.0,1.0,20,Online Banking,252,0,10.756,2.0,1.0,0
592,33,M,Married,Low,8,2642.14,330.2675,377.61,453.92,78.04,121.75327684061965,4,0.25,34,311,0.02564102564102564,0,2,3,2,1,0.0,0.0,0.0,0.0,0.0,0.0,0.0,0.0,0.0,0.0,0.0,44,Mobile App,331,0,60.04863636363636,0.0,0.0,0
593,54,F,Single,Medium,9,2959.62,328.84666666666664,339.06,455.09,139.97,109.38589225763988,5,0.4444444444444444,5,358,0.025069637883008356,2,1,3,2,1,1.0,0.0,0.0,0.0,106.0,0.0,0.0,1.0,0.0,1.0,0.0,9,Online Banking,361,0,328.84666666666664,0.1111111111111111,0.0,1
594,59,M,Divorced,Low,9,2544.69,282.74333333333334,308.88,443.38,20.27,127.06856298864798,5,0.3333333333333333,1,354,0.02535211267605634,1,1,4,2,1,2.0,1.0,0.0,0.5,5.0,163.0,0.0,1.0,1.0,1.0,1.0,30,Mobile App,205,0,84.82300000000001,0.2222222222222222,0.0,0
595,22,F,Widowed,Low,8,2270.36,283.795,372.49,480.46,27.78,182.4480817735751,3,0.125,110,253,0.031496062992125984,0,0,1,4,3,1.0,0.0,0.0,0.0,65.0,0.0,0.0,1.0,0.0,1.0,0.0,48,Online Banking,252,0,47.29916666666667,0.125,0.0,0
596,67,F,Married,Low,5,1346.76,269.352,299.6,377.81,42.44,132.19431784309037,2,0.2,101,151,0.03289473684210526,0,0,3,2,0,0.0,0.0,0.0,0.0,0.0,0.0,0.0,0.0,0.0,0.0,0.0,4,Mobile App,207,0,336.69,0.0,0.0,1
597,68,M,Married,Medium,7,1726.8999999999999,246.7,357.78,453.89,15.18,197.41009641522052,3,0.14285714285714285,75,287,0.024305555555555556,0,3,0,2,2,1.0,1.0,0.0,1.0,162.0,0.0,0.0,1.0,0.0,0.0,1.0,9,Website,75,0,191.87777777777777,0.14285714285714285,0.0,1
598,31,M,Widowed,High,7,1906.1000000000001,272.3,338.42,464.5,29.45,175.72141265840847,4,0.14285714285714285,5,250,0.027888446215139442,1,2,0,2,2,0.0,0.0,0.0,0.0,0.0,0.0,0.0,0.0,0.0,0.0,0.0,40,Online Banking,175,0,47.6525,0.0,0.0,0
599,48,M,Single,Low,9,2347.42,260.82444444444445,268.61,449.2,54.81,136.95085378623156,4,0.6666666666666666,98,251,0.03571428571428571,1,2,3,0,3,2.0,0.0,1.0,0.0,52.0,165.0,1.0,1.0,0.0,2.0,0.0,3,Website,15,0,782.4733333333334,0.2222222222222222,0.1111111111111111,1
600,63,F,Single,Medium,4,865.0,216.25,195.2,390.43,84.17,141.0908709543841,4,0.0,44,176,0.022598870056497175,1,0,1,1,1,1.0,1.0,0.0,1.0,239.0,0.0,0.0,0.0,1.0,0.0,1.0,38,Online Banking,39,0,22.763157894736842,0.25,0.0,0
601,41,F,Widowed,Low,8,2473.79,309.22375,337.905,421.18,179.78,87.89787986025927,5,0.25,48,195,0.04081632653061224,3,2,1,1,1,2.0,1.0,1.0,0.5,259.0,7.0,1.0,1.0,0.0,1.0,1.0,25,Website,111,0,98.9516,0.25,0.125,0
602,52,M,Widowed,Medium,9,1158.83,128.7588888888889,91.85,277.26,27.48,97.16753514477514,4,0.4444444444444444,70,217,0.04128440366972477,2,0,1,3,3,0.0,0.0,0.0,0.0,0.0,0.0,0.0,0.0,0.0,0.0,0.0,37,Mobile App,232,1,31.319729729729726,0.0,0.0,0
603,53,M,Single,High,5,1476.4,295.28000000000003,307.52,441.51,130.16,116.0375286275953,3,0.4,19,288,0.01730103806228374,0,1,2,0,2,0.0,0.0,0.0,0.0,0.0,0.0,0.0,0.0,0.0,0.0,0.0,30,Mobile App,198,0,49.21333333333334,0.0,0.0,0
604,27,M,Divorced,Low,3,437.92999999999995,145.97666666666666,122.1,300.03,15.8,143.61143629019708,3,0.0,68,76,0.03896103896103896,0,1,1,0,1,2.0,1.0,1.0,0.5,99.0,58.0,1.0,1.0,0.0,1.0,1.0,31,Website,239,0,14.126774193548385,0.6666666666666666,0.3333333333333333,0
605,44,M,Divorced,Low,4,1187.98,296.995,261.425,479.05,186.08,132.17251517114542,2,0.75,7,337,0.011834319526627219,3,0,1,0,0,0.0,0.0,0.0,0.0,0.0,0.0,0.0,0.0,0.0,0.0,0.0,17,Mobile App,352,1,69.88117647058823,0.0,0.0,0
606,44,F,Married,Low,1,271.99,271.99,271.99,271.99,271.99,0.0,1,0.0,165,0,1.0,0,0,0,0,1,0.0,0.0,0.0,0.0,0.0,0.0,0.0,0.0,0.0,0.0,0.0,10,Website,89,0,27.199,0.0,0.0,0
607,40,M,Married,High,5,1489.51,297.902,314.56,460.8,148.4,113.82389696368688,3,0.0,12,329,0.015151515151515152,2,0,2,0,1,1.0,1.0,1.0,1.0,44.0,0.0,1.0,0.0,0.0,0.0,1.0,8,Mobile App,349,1,186.18875,0.2,0.2,1
608,30,M,Divorced,Medium,9,2463.96,273.7733333333333,283.81,399.72,142.01,86.34145064799411,4,0.3333333333333333,2,285,0.03146853146853147,1,3,3,0,2,1.0,1.0,1.0,1.0,116.0,0.0,1.0,0.0,0.0,0.0,1.0,2,Mobile App,351,0,1231.98,0.1111111111111111,0.1111111111111111,1
609,33,F,Married,Low,1,110.77,110.77,110.77,110.77,110.77,0.0,1,0.0,159,0,1.0,0,0,0,1,0,2.0,1.0,2.0,0.5,139.0,13.0,2.0,0.0,0.0,1.0,1.0,32,Website,10,0,3.4615625,2.0,2.0,0
610,52,F,Divorced,Low,5,1504.22,300.844,317.83,451.76,183.38,102.39657186644482,3,0.0,102,179,0.027777777777777776,0,3,1,1,0,0.0,0.0,0.0,0.0,0.0,0.0,0.0,0.0,0.0,0.0,0.0,11,Mobile App,24,0,136.74727272727273,0.0,0.0,0
611,44,M,Married,High,3,624.87,208.29,264.56,337.62,22.69,164.83313046836187,3,0.6666666666666666,69,238,0.012552301255230125,0,1,1,0,1,1.0,1.0,1.0,1.0,186.0,0.0,1.0,0.0,0.0,0.0,1.0,10,Online Banking,81,0,62.487,0.3333333333333333,0.3333333333333333,0
612,69,F,Divorced,Medium,7,1688.29,241.18428571428572,272.55,416.82,18.93,144.312019117968,4,0.2857142857142857,17,318,0.0219435736677116,0,2,2,1,2,2.0,0.0,1.0,0.0,139.0,153.0,1.0,1.0,0.0,2.0,0.0,41,Online Banking,14,0,41.17780487804878,0.2857142857142857,0.14285714285714285,0
613,56,M,Married,High,3,612.18,204.05999999999997,259.06,276.57,76.55,110.77341784020209,2,0.3333333333333333,35,207,0.014423076923076924,0,0,0,2,1,0.0,0.0,0.0,0.0,0.0,0.0,0.0,0.0,0.0,0.0,0.0,32,Online Banking,127,0,19.130625,0.0,0.0,0
614,64,F,Married,High,3,1239.16,413.05333333333334,440.61,485.38,313.17,89.35098451238984,3,0.3333333333333333,21,171,0.01744186046511628,1,1,0,0,1,1.0,0.0,0.0,0.0,45.0,0.0,0.0,1.0,0.0,1.0,0.0,24,Mobile App,281,1,51.63166666666667,0.3333333333333333,0.0,0
615,34,F,Divorced,Low,3,481.67999999999995,160.55999999999997,187.84,276.52,17.32,131.7357536889663,2,0.0,192,75,0.039473684210526314,0,0,0,1,2,2.0,1.0,0.0,0.5,140.0,188.0,0.0,2.0,0.0,1.0,1.0,7,Online Banking,142,0,68.81142857142856,0.6666666666666666,0.0,1
616,65,M,Single,Medium,8,1674.35,209.29375,198.7,336.87,104.3,74.9070465763116,5,0.125,115,224,0.035555555555555556,1,1,1,3,2,1.0,1.0,0.0,1.0,133.0,0.0,0.0,1.0,0.0,0.0,1.0,29,Online Banking,139,1,57.73620689655172,0.125,0.0,0
617,58,F,Divorced,Low,7,2146.58,306.6542857142857,344.42,468.77,74.88,149.7871008973673,5,0.14285714285714285,23,293,0.023809523809523808,1,1,2,2,1,0.0,0.0,0.0,0.0,0.0,0.0,0.0,0.0,0.0,0.0,0.0,2,Online Banking,343,1,1073.29,0.0,0.0,1
618,18,M,Divorced,Low,7,1025.54,146.50571428571428,140.98,265.52,58.19,66.38785176449649,4,0.2857142857142857,24,322,0.021671826625386997,0,2,1,1,3,2.0,0.0,0.0,0.0,230.0,84.0,0.0,1.0,1.0,2.0,0.0,16,Mobile App,41,1,64.09625,0.2857142857142857,0.0,0
619,28,M,Widowed,High,1,244.19,244.19,244.19,244.19,244.19,0.0,1,1.0,265,0,1.0,0,0,0,0,1,1.0,1.0,0.0,1.0,35.0,0.0,0.0,1.0,0.0,0.0,1.0,31,Online Banking,248,1,7.877096774193548,1.0,0.0,0
620,29,F,Single,High,3,694.35,231.45000000000002,266.68,365.99,61.68,155.18379006842179,2,0.6666666666666666,14,56,0.05263157894736842,0,0,1,0,2,1.0,1.0,1.0,1.0,306.0,0.0,1.0,0.0,0.0,0.0,1.0,12,Online Banking,309,0,57.862500000000004,0.3333333333333333,0.3333333333333333,0
621,31,F,Married,Low,2,204.8,102.4,102.4,114.41,90.39,16.984704884100875,1,0.5,316,47,0.041666666666666664,0,0,0,0,2,1.0,0.0,0.0,0.0,155.0,0.0,0.0,1.0,0.0,1.0,0.0,32,Online Banking,138,0,6.4,0.5,0.0,0
622,25,M,Single,High,5,754.54,150.908,138.25,297.06,10.45,106.28281526192275,4,0.0,25,292,0.017064846416382253,2,0,1,1,1,1.0,1.0,0.0,1.0,186.0,0.0,0.0,0.0,1.0,0.0,1.0,47,Online Banking,91,0,16.05404255319149,0.2,0.0,0
623,48,F,Single,High,7,1074.25,153.46428571428572,138.87,315.05,15.66,118.29596764854143,4,0.42857142857142855,41,294,0.023728813559322035,2,0,2,2,1,2.0,2.0,0.0,1.0,41.0,12.0,0.0,0.0,2.0,0.0,2.0,41,Online Banking,263,0,26.201219512195124,0.2857142857142857,0.0,0
624,24,F,Single,Medium,4,934.44,233.61,233.84,436.81,29.95,167.5663824677651,3,0.0,130,225,0.017699115044247787,0,2,1,1,0,0.0,0.0,0.0,0.0,0.0,0.0,0.0,0.0,0.0,0.0,0.0,18,Website,42,0,51.913333333333334,0.0,0.0,0
625,63,F,Widowed,Low,9,2452.39,272.48777777777775,275.53,427.7,12.42,153.40946848041827,4,0.3333333333333333,9,310,0.028938906752411574,3,0,2,2,2,0.0,0.0,0.0,0.0,0.0,0.0,0.0,0.0,0.0,0.0,0.0,3,Mobile App,150,1,817.4633333333333,0.0,0.0,1
626,48,M,Widowed,Low,8,2416.9,302.1125,291.77,478.6,116.08,125.67776968444795,4,0.375,28,318,0.025078369905956112,2,3,2,0,1,0.0,0.0,0.0,0.0,0.0,0.0,0.0,0.0,0.0,0.0,0.0,16,Website,307,0,151.05625,0.0,0.0,0
627,33,F,Married,Medium,6,1929.48,321.58,353.355,412.85,123.68,106.35376307399751,5,0.3333333333333333,117,206,0.028985507246376812,1,1,2,1,1,1.0,0.0,0.0,0.0,172.0,0.0,0.0,1.0,0.0,1.0,0.0,49,Website,45,1,39.37714285714286,0.16666666666666666,0.0,0
628,59,F,Divorced,High,1,67.65,67.65,67.65,67.65,67.65,0.0,1,0.0,242,0,1.0,0,0,0,0,1,1.0,0.0,0.0,0.0,34.0,0.0,0.0,0.0,1.0,1.0,0.0,42,Website,349,0,1.6107142857142858,1.0,0.0,0
629,56,M,Single,Medium,3,657.3699999999999,219.1233333333333,193.2,365.46,98.71,135.251266291053,2,0.3333333333333333,75,23,0.125,2,0,0,0,1,2.0,1.0,0.0,0.5,111.0,89.0,0.0,2.0,0.0,1.0,1.0,18,Online Banking,358,0,36.520555555555546,0.6666666666666666,0.0,0
630,61,F,Married,Medium,2,942.44,471.22,471.22,490.6,451.84,27.407458838790635,1,0.0,96,144,0.013793103448275862,0,0,2,0,0,1.0,1.0,0.0,1.0,295.0,0.0,0.0,0.0,1.0,0.0,1.0,44,Website,136,1,21.41909090909091,0.5,0.0,0
631,36,M,Married,Medium,1,238.83,238.83,238.83,238.83,238.83,0.0,1,0.0,233,0,1.0,1,0,0,0,0,2.0,1.0,1.0,0.5,47.0,67.0,1.0,0.0,1.0,1.0,1.0,15,Website,161,0,15.922,2.0,1.0,0
632,25,M,Widowed,High,6,1060.8600000000001,176.81000000000003,161.385,386.65,41.29,114.84377963128868,4,0.16666666666666666,53,201,0.0297029702970297,3,1,1,1,0,1.0,1.0,0.0,1.0,326.0,0.0,0.0,0.0,1.0,0.0,1.0,41,Online Banking,33,0,25.874634146341467,0.16666666666666666,0.0,0
633,46,M,Divorced,Medium,8,1985.72,248.215,243.065,470.22,72.47,147.0315984503234,4,0.25,2,340,0.02346041055718475,0,3,1,1,3,2.0,2.0,0.0,1.0,161.0,117.0,0.0,2.0,0.0,0.0,2.0,37,Online Banking,57,0,53.66810810810811,0.25,0.0,0
634,19,M,Divorced,Low,4,1053.54,263.385,211.99,442.93,186.63,120.34082335876992,3,0.25,93,215,0.018518518518518517,1,2,1,0,0,2.0,2.0,1.0,1.0,44.0,159.0,1.0,0.0,1.0,0.0,2.0,23,Mobile App,254,0,45.80608695652174,0.5,0.25,0
635,59,F,Widowed,High,5,1574.74,314.948,284.15,455.66,163.43,114.58304442630245,2,0.2,214,102,0.04854368932038835,3,2,0,0,0,1.0,1.0,0.0,1.0,288.0,0.0,0.0,1.0,0.0,0.0,1.0,26,Online Banking,21,0,60.566923076923075,0.2,0.0,0
636,20,M,Single,Medium,5,1041.72,208.344,283.02,347.79,42.79,143.64381236238475,3,0.8,41,294,0.01694915254237288,1,0,1,0,3,2.0,1.0,0.0,0.5,11.0,146.0,0.0,0.0,2.0,1.0,1.0,7,Online Banking,95,0,148.81714285714287,0.4,0.0,1
637,68,M,Widowed,Medium,8,1629.96,203.745,148.245,458.79,81.33,135.27494604904277,4,0.5,73,182,0.04371584699453552,0,3,1,3,1,1.0,0.0,0.0,0.0,176.0,0.0,0.0,1.0,0.0,1.0,0.0,48,Online Banking,249,0,33.9575,0.125,0.0,0
638,46,M,Married,Medium,2,194.63,97.315,97.315,117.79,76.84,28.95602268958913,2,0.5,89,239,0.008333333333333333,1,0,1,0,0,0.0,0.0,0.0,0.0,0.0,0.0,0.0,0.0,0.0,0.0,0.0,21,Website,245,0,9.268095238095238,0.0,0.0,0
639,32,F,Widowed,Medium,8,1874.22,234.2775,250.78,431.14,34.5,116.8680322598345,4,0.0,2,359,0.022222222222222223,2,2,3,0,1,1.0,1.0,0.0,1.0,97.0,0.0,0.0,0.0,1.0,0.0,1.0,29,Website,276,0,64.62827586206896,0.125,0.0,0
640,55,M,Divorced,Medium,8,2408.65,301.08125,288.225,446.95,210.78,88.00517719145846,4,0.0,12,229,0.034782608695652174,3,0,2,2,1,2.0,1.0,1.0,0.5,122.0,47.0,1.0,1.0,0.0,1.0,1.0,45,Website,37,0,53.525555555555556,0.25,0.125,0
641,45,M,Single,Medium,9,1717.5700000000002,190.84111111111113,193.48,440.52,30.15,127.07577576434902,4,0.4444444444444444,34,302,0.0297029702970297,2,0,2,3,2,2.0,1.0,1.0,0.5,301.0,4.0,1.0,0.0,1.0,1.0,1.0,7,Online Banking,199,1,245.36714285714288,0.2222222222222222,0.1111111111111111,1
642,54,M,Married,Low,6,1587.38,264.56333333333333,311.79,471.35,31.11,184.30781336304403,3,0.5,174,178,0.0335195530726257,0,1,4,0,1,1.0,1.0,1.0,1.0,73.0,0.0,1.0,0.0,0.0,0.0,1.0,6,Online Banking,138,0,264.56333333333333,0.16666666666666666,0.16666666666666666,1
643,49,M,Married,High,7,1060.42,151.48857142857145,111.96,441.63,6.07,148.1853640353382,4,0.14285714285714285,3,337,0.020710059171597635,1,3,0,2,1,0.0,0.0,0.0,0.0,0.0,0.0,0.0,0.0,0.0,0.0,0.0,27,Online Banking,105,1,39.27481481481482,0.0,0.0,0
644,47,M,Divorced,Low,2,266.05,133.025,133.025,260.13,5.92,179.75361484543225,1,1.0,56,6,0.2857142857142857,0,0,0,0,2,1.0,0.0,0.0,0.0,201.0,0.0,0.0,1.0,0.0,1.0,0.0,43,Mobile App,111,1,6.187209302325582,0.5,0.0,0
645,68,M,Widowed,Medium,1,328.56,328.56,328.56,328.56,328.56,0.0,1,0.0,152,0,1.0,0,0,1,0,0,2.0,1.0,0.0,0.5,73.0,37.0,0.0,2.0,0.0,1.0,1.0,46,Website,186,0,7.142608695652174,2.0,0.0,0
646,64,M,Married,Medium,1,163.69,163.69,163.69,163.69,163.69,0.0,1,1.0,238,0,1.0,1,0,0,0,0,0.0,0.0,0.0,0.0,0.0,0.0,0.0,0.0,0.0,0.0,0.0,17,Website,311,1,9.628823529411765,0.0,0.0,0
647,47,M,Widowed,Medium,1,12.46,12.46,12.46,12.46,12.46,0.0,1,0.0,353,0,1.0,0,0,1,0,0,2.0,1.0,1.0,0.5,189.0,45.0,1.0,1.0,0.0,1.0,1.0,24,Mobile App,295,0,0.5191666666666667,2.0,1.0,0
648,68,M,Married,Low,3,1028.17,342.72333333333336,322.02,443.29,262.86,91.97943918796923,2,0.0,180,131,0.022727272727272728,0,1,2,0,0,1.0,0.0,0.0,0.0,296.0,0.0,0.0,1.0,0.0,1.0,0.0,28,Website,142,0,36.72035714285715,0.3333333333333333,0.0,0
649,51,M,Divorced,Medium,4,759.5699999999999,189.89249999999998,227.305,258.59,46.37,99.61399713393696,2,0.5,50,136,0.029197080291970802,0,0,3,0,1,1.0,1.0,0.0,1.0,104.0,0.0,0.0,0.0,1.0,0.0,1.0,26,Website,183,0,29.214230769230767,0.25,0.0,0
650,30,M,Married,Low,2,499.67,249.835,249.835,471.36,28.31,313.2836594046999,2,0.5,2,291,0.00684931506849315,0,1,1,0,0,1.0,0.0,1.0,0.0,106.0,0.0,1.0,0.0,0.0,1.0,0.0,38,Online Banking,123,1,13.14921052631579,0.5,0.5,0
651,50,M,Married,High,7,1467.02,209.5742857142857,190.35,467.26,68.17,135.70316071695393,4,0.14285714285714285,22,338,0.02064896755162242,2,2,0,1,2,0.0,0.0,0.0,0.0,0.0,0.0,0.0,0.0,0.0,0.0,0.0,26,Online Banking,228,0,56.423846153846156,0.0,0.0,0
652,59,F,Single,Low,5,1245.86,249.17199999999997,279.94,340.08,99.66,103.18997175113479,3,0.0,79,269,0.018518518518518517,0,1,0,3,1,2.0,2.0,1.0,1.0,198.0,89.0,1.0,1.0,0.0,0.0,2.0,40,Website,227,0,31.146499999999996,0.4,0.2,0
653,34,F,Married,Low,1,392.17,392.17,392.17,392.17,392.17,0.0,1,0.0,122,0,1.0,0,0,0,0,1,1.0,0.0,0.0,0.0,26.0,0.0,0.0,1.0,0.0,1.0,0.0,1,Mobile App,276,0,392.17,1.0,0.0,1
654,20,M,Divorced,High,9,1437.17,159.68555555555557,129.42,342.78,25.25,119.00038835137379,4,0.4444444444444444,62,174,0.05142857142857143,2,1,0,2,4,1.0,0.0,0.0,0.0,291.0,0.0,0.0,0.0,1.0,1.0,0.0,19,Mobile App,315,0,75.64052631578947,0.1111111111111111,0.0,0
655,26,F,Married,Medium,9,2097.25,233.02777777777777,189.08,392.59,40.82,129.7641267625396,5,0.3333333333333333,146,215,0.041666666666666664,2,2,1,1,3,2.0,2.0,1.0,1.0,14.0,188.0,1.0,0.0,1.0,0.0,2.0,26,Mobile App,334,0,80.66346153846153,0.2222222222222222,0.1111111111111111,0
656,69,F,Divorced,Low,7,1567.52,223.93142857142857,261.34,353.1,74.12,106.54296526575112,5,0.14285714285714285,45,301,0.023178807947019868,2,1,1,1,2,0.0,0.0,0.0,0.0,0.0,0.0,0.0,0.0,0.0,0.0,0.0,35,Mobile App,174,0,44.78628571428571,0.0,0.0,0
657,28,F,Widowed,High,5,1135.3,227.06,197.21,380.12,113.2,98.55095763106515,4,0.2,117,40,0.12195121951219512,0,1,2,1,1,1.0,0.0,0.0,0.0,120.0,0.0,0.0,1.0,0.0,1.0,0.0,16,Online Banking,24,1,70.95625,0.2,0.0,0
658,66,M,Divorced,Low,6,1132.79,188.79833333333332,206.98,331.74,42.39,117.47334070616476,3,0.0,108,180,0.03314917127071823,0,2,2,0,2,1.0,1.0,0.0,1.0,326.0,0.0,0.0,1.0,0.0,0.0,1.0,13,Mobile App,189,1,87.1376923076923,0.16666666666666666,0.0,0
659,44,F,Widowed,Low,6,1658.16,276.36,266.36,454.77,59.8,152.31381565701778,3,0.0,31,281,0.02127659574468085,2,3,0,1,0,2.0,1.0,1.0,0.5,136.0,95.0,1.0,1.0,0.0,1.0,1.0,10,Website,97,0,165.816,0.3333333333333333,0.16666666666666666,0
660,45,F,Married,High,8,2676.26,334.5325,356.56,469.91,14.51,139.51520088711277,5,0.125,73,282,0.028268551236749116,1,1,2,3,1,2.0,1.0,1.0,0.5,127.0,123.0,1.0,1.0,0.0,1.0,1.0,8,Mobile App,140,0,334.5325,0.25,0.125,1
661,19,M,Divorced,Low,8,1579.69,197.46125,166.315,437.18,16.09,145.89778451637198,5,0.0,8,263,0.030303030303030304,1,2,1,2,2,0.0,0.0,0.0,0.0,0.0,0.0,0.0,0.0,0.0,0.0,0.0,27,Mobile App,80,0,58.50703703703704,0.0,0.0,0
662,18,F,Single,High,4,758.41,189.6025,193.62,338.38,32.79,135.7001897259789,3,0.0,171,124,0.032,1,0,1,2,0,0.0,0.0,0.0,0.0,0.0,0.0,0.0,0.0,0.0,0.0,0.0,26,Mobile App,121,0,29.169615384615383,0.0,0.0,0
663,23,F,Divorced,Low,6,1160.99,193.49833333333333,149.28,336.29,89.08,104.50172657265844,5,0.16666666666666666,103,217,0.027522935779816515,1,2,1,1,1,1.0,1.0,1.0,1.0,310.0,0.0,1.0,0.0,0.0,0.0,1.0,3,Mobile App,263,0,386.99666666666667,0.16666666666666666,0.16666666666666666,1
664,42,F,Widowed,Medium,6,1972.94,328.8233333333333,359.995,480.09,31.35,163.48339410064455,4,0.5,34,285,0.02097902097902098,1,1,2,0,2,1.0,1.0,1.0,1.0,62.0,0.0,1.0,0.0,0.0,0.0,1.0,45,Online Banking,129,0,43.843111111111114,0.16666666666666666,0.16666666666666666,0
665,52,F,Widowed,High,5,1405.19,281.038,254.25,481.26,138.58,150.2967808038482,3,0.6,123,199,0.025,0,1,1,3,0,1.0,1.0,1.0,1.0,0.0,0.0,1.0,0.0,0.0,0.0,1.0,36,Online Banking,199,0,39.033055555555556,0.2,0.2,0
666,33,M,Single,Medium,1,474.38,474.38,474.38,474.38,474.38,0.0,1,0.0,351,0,1.0,0,1,0,0,0,0.0,0.0,0.0,0.0,0.0,0.0,0.0,0.0,0.0,0.0,0.0,41,Online Banking,70,0,11.570243902439024,0.0,0.0,0
667,21,F,Divorced,Low,6,1442.15,240.35833333333335,241.425,430.85,65.17,145.62398036266785,4,0.3333333333333333,126,233,0.02564102564102564,0,3,1,1,1,1.0,0.0,0.0,0.0,297.0,0.0,0.0,0.0,1.0,1.0,0.0,8,Online Banking,73,0,180.26875,0.16666666666666666,0.0,1
668,64,M,Married,Medium,7,1668.59,238.36999999999998,158.05,481.02,73.96,156.00339868092618,3,0.14285714285714285,6,353,0.01977401129943503,0,1,2,0,4,1.0,1.0,0.0,1.0,15.0,0.0,0.0,1.0,0.0,0.0,1.0,32,Website,211,0,52.1434375,0.14285714285714285,0.0,0
669,55,F,Divorced,High,8,2232.41,279.05125,345.515,479.52,62.98,161.245623146579,4,0.25,59,249,0.032,3,0,1,2,2,2.0,1.0,1.0,0.5,10.0,316.0,1.0,0.0,1.0,1.0,1.0,19,Website,55,0,117.49526315789473,0.25,0.125,0
670,61,F,Divorced,Low,1,143.34,143.34,143.34,143.34,143.34,0.0,1,1.0,56,0,1.0,1,0,0,0,0,0.0,0.0,0.0,0.0,0.0,0.0,0.0,0.0,0.0,0.0,0.0,12,Online Banking,273,0,11.945,0.0,0.0,0
671,37,F,Divorced,High,9,2587.47,287.49666666666667,360.83,439.84,62.72,137.64842843272856,3,0.3333333333333333,20,343,0.02616279069767442,3,3,0,0,3,1.0,0.0,1.0,0.0,69.0,0.0,1.0,0.0,0.0,1.0,0.0,45,Online Banking,306,0,57.499333333333325,0.1111111111111111,0.1111111111111111,0
672,42,F,Single,Low,1,77.31,77.31,77.31,77.31,77.31,0.0,1,0.0,215,0,1.0,1,0,0,0,0,2.0,0.0,0.0,0.0,188.0,140.0,0.0,2.0,0.0,2.0,0.0,45,Mobile App,274,0,1.718,2.0,0.0,0
673,24,F,Single,Medium,8,1779.5,222.4375,246.2,385.69,13.35,153.6749971066025,4,0.25,25,294,0.02711864406779661,2,0,2,1,3,2.0,0.0,1.0,0.0,274.0,14.0,1.0,1.0,0.0,2.0,0.0,13,Mobile App,182,0,136.8846153846154,0.25,0.125,0
674,38,M,Single,Medium,9,2314.49,257.16555555555556,232.54,446.98,86.53,139.92489656161183,5,0.3333333333333333,102,226,0.039647577092511016,2,1,2,1,3,2.0,1.0,1.0,0.5,285.0,25.0,1.0,1.0,0.0,1.0,1.0,44,Online Banking,342,1,52.60204545454545,0.2222222222222222,0.1111111111111111,0
675,24,M,Single,High,9,2461.3,273.4777777777778,295.47,451.46,41.06,155.00098143058463,5,0.3333333333333333,5,333,0.02694610778443114,3,2,2,1,1,2.0,0.0,0.0,0.0,162.0,45.0,0.0,0.0,2.0,2.0,0.0,48,Online Banking,207,0,51.27708333333334,0.2222222222222222,0.0,0
676,46,M,Single,High,5,923.55,184.70999999999998,175.66,304.15,55.19,96.4928176083588,4,0.2,1,335,0.01488095238095238,1,1,2,0,1,0.0,0.0,0.0,0.0,0.0,0.0,0.0,0.0,0.0,0.0,0.0,45,Mobile App,45,0,20.523333333333333,0.0,0.0,0
677,69,F,Married,Low,1,308.82,308.82,308.82,308.82,308.82,0.0,1,0.0,253,0,1.0,0,0,0,0,1,2.0,1.0,2.0,0.5,140.0,25.0,2.0,0.0,0.0,1.0,1.0,7,Website,179,1,44.11714285714286,2.0,2.0,1
678,24,M,Divorced,High,4,864.3,216.075,205.6,287.35,165.75,51.143521257991885,3,0.25,21,218,0.0182648401826484,0,0,1,1,2,1.0,0.0,1.0,0.0,82.0,0.0,1.0,0.0,0.0,1.0,0.0,47,Online Banking,253,0,18.38936170212766,0.25,0.25,0
679,20,F,Divorced,High,7,1700.3,242.9,220.19,495.28,51.39,157.6982191825048,4,0.14285714285714285,5,349,0.02,0,1,1,3,2,2.0,1.0,0.0,0.5,163.0,143.0,0.0,0.0,2.0,1.0,1.0,47,Website,122,0,36.17659574468085,0.2857142857142857,0.0,0
680,46,M,Married,Medium,9,2490.85,276.7611111111111,268.64,423.15,119.22,95.93810692895244,4,0.4444444444444444,18,345,0.02601156069364162,1,3,2,0,3,0.0,0.0,0.0,0.0,0.0,0.0,0.0,0.0,0.0,0.0,0.0,16,Website,7,0,155.678125,0.0,0.0,0
681,46,M,Married,High,4,1463.19,365.7975,407.56,485.88,162.19,153.89078754645018,3,0.25,96,208,0.019138755980861243,0,1,1,0,2,0.0,0.0,0.0,0.0,0.0,0.0,0.0,0.0,0.0,0.0,0.0,32,Mobile App,192,0,45.7246875,0.0,0.0,0
682,56,M,Married,High,5,1084.11,216.82199999999997,200.47,443.31,11.67,199.26393632566834,5,0.2,15,310,0.01607717041800643,1,1,1,1,1,1.0,0.0,0.0,0.0,136.0,0.0,0.0,1.0,0.0,1.0,0.0,9,Mobile App,108,1,120.45666666666665,0.2,0.0,1
683,55,F,Married,Low,5,1383.28,276.656,264.2,435.35,163.04,102.7779666562829,3,0.2,37,292,0.017064846416382253,1,3,0,1,0,2.0,1.0,0.0,0.5,199.0,114.0,0.0,0.0,2.0,1.0,1.0,26,Online Banking,134,0,53.20307692307692,0.4,0.0,0
684,23,M,Single,Medium,5,1240.94,248.18800000000002,224.22,396.58,132.76,110.87336772191958,4,0.2,45,289,0.017241379310344827,0,1,2,1,1,1.0,0.0,0.0,0.0,343.0,0.0,0.0,0.0,1.0,1.0,0.0,48,Mobile App,160,0,25.85291666666667,0.2,0.0,0
685,63,F,Divorced,Medium,2,534.74,267.37,267.37,484.37,50.37,306.8843430349616,2,0.0,288,63,0.03125,0,1,0,0,1,0.0,0.0,0.0,0.0,0.0,0.0,0.0,0.0,0.0,0.0,0.0,40,Website,157,1,13.368500000000001,0.0,0.0,0
686,27,M,Married,Low,4,1019.6700000000001,254.91750000000002,273.025,452.08,21.54,212.7669304465961,3,0.5,27,248,0.01606425702811245,1,2,0,0,1,0.0,0.0,0.0,0.0,0.0,0.0,0.0,0.0,0.0,0.0,0.0,47,Website,155,0,21.695106382978725,0.0,0.0,0
687,54,F,Widowed,Medium,9,1446.69,160.74333333333334,127.12,374.93,5.2,135.04831552077945,4,0.3333333333333333,14,339,0.026470588235294117,3,1,0,2,3,1.0,0.0,0.0,0.0,348.0,0.0,0.0,1.0,0.0,1.0,0.0,20,Online Banking,37,0,72.3345,0.1111111111111111,0.0,0
688,31,F,Married,Low,9,2281.4700000000003,253.4966666666667,201.39,480.97,109.16,149.72744362674467,5,0.4444444444444444,19,274,0.03272727272727273,2,2,2,2,1,2.0,1.0,0.0,0.5,27.0,2.0,0.0,2.0,0.0,1.0,1.0,6,Website,87,0,380.24500000000006,0.2222222222222222,0.0,1
689,39,F,Divorced,Low,4,897.51,224.3775,154.075,494.48,94.88,184.3257714618333,3,0.0,10,294,0.013559322033898305,0,0,1,2,1,0.0,0.0,0.0,0.0,0.0,0.0,0.0,0.0,0.0,0.0,0.0,11,Mobile App,341,0,81.59181818181818,0.0,0.0,0
690,49,F,Widowed,High,3,638.06,212.68666666666664,214.9,247.84,175.32,36.31062837976414,3,0.0,11,243,0.012295081967213115,0,1,1,0,1,0.0,0.0,0.0,0.0,0.0,0.0,0.0,0.0,0.0,0.0,0.0,29,Online Banking,9,0,22.00206896551724,0.0,0.0,0
691,35,F,Married,High,2,683.19,341.595,341.595,353.08,330.11,16.242242763854996,1,0.0,40,273,0.0072992700729927005,2,0,0,0,0,0.0,0.0,0.0,0.0,0.0,0.0,0.0,0.0,0.0,0.0,0.0,7,Mobile App,354,1,97.59857142857143,0.0,0.0,1
692,53,F,Single,Low,5,1421.26,284.252,443.65,463.28,10.83,231.1645318166262,3,0.4,38,298,0.016722408026755852,1,2,2,0,0,0.0,0.0,0.0,0.0,0.0,0.0,0.0,0.0,0.0,0.0,0.0,29,Website,190,0,49.00896551724138,0.0,0.0,0
693,63,F,Single,High,8,2154.62,269.3275,260.385,455.11,101.09,142.07215830093423,4,0.0,16,331,0.024096385542168676,0,2,3,2,1,1.0,0.0,1.0,0.0,176.0,0.0,1.0,0.0,0.0,1.0,0.0,43,Mobile App,91,0,50.107441860465116,0.125,0.125,0
694,69,F,Widowed,High,7,1500.44,214.34857142857143,182.67,433.03,7.74,159.07838418303638,3,0.0,89,227,0.03070175438596491,2,0,0,1,4,0.0,0.0,0.0,0.0,0.0,0.0,0.0,0.0,0.0,0.0,0.0,4,Online Banking,353,0,375.11,0.0,0.0,1
695,26,F,Single,Medium,9,2615.4300000000003,290.60333333333335,317.22,498.81,24.44,149.73889215898456,4,0.4444444444444444,6,354,0.02535211267605634,3,0,4,1,1,2.0,1.0,0.0,0.5,255.0,85.0,0.0,2.0,0.0,1.0,1.0,24,Mobile App,325,1,108.97625000000001,0.2222222222222222,0.0,0
696,43,F,Widowed,Medium,1,55.77,55.77,55.77,55.77,55.77,0.0,1,1.0,279,0,1.0,0,1,0,0,0,1.0,1.0,1.0,1.0,72.0,0.0,1.0,0.0,0.0,0.0,1.0,3,Website,324,1,18.59,1.0,1.0,1
697,39,M,Married,High,2,489.1,244.55,244.55,323.27,165.83,111.32689163001001,2,0.0,108,54,0.03636363636363636,1,0,0,1,0,0.0,0.0,0.0,0.0,0.0,0.0,0.0,0.0,0.0,0.0,0.0,12,Online Banking,173,0,40.75833333333333,0.0,0.0,0
698,63,F,Divorced,Low,2,273.02,136.51,136.51,244.2,28.82,152.2966585319586,1,0.5,54,149,0.013333333333333334,0,0,0,2,0,0.0,0.0,0.0,0.0,0.0,0.0,0.0,0.0,0.0,0.0,0.0,35,Website,181,0,7.800571428571428,0.0,0.0,0
699,55,M,Widowed,Low,4,994.16,248.54,251.56,451.89,39.15,215.01764051661746,2,0.25,35,145,0.0273972602739726,0,0,2,0,2,0.0,0.0,0.0,0.0,0.0,0.0,0.0,0.0,0.0,0.0,0.0,8,Mobile App,320,1,124.27,0.0,0.0,1
700,40,M,Married,High,8,2810.28,351.285,368.82500000000005,498.56,122.61,132.31068847872527,5,0.5,105,222,0.03587443946188341,2,1,2,1,2,2.0,1.0,0.0,0.5,302.0,28.0,0.0,2.0,0.0,1.0,1.0,38,Online Banking,13,0,73.95473684210526,0.25,0.0,0
701,34,F,Widowed,High,9,2395.1,266.1222222222222,235.26,473.3,30.89,138.29994439422035,4,0.3333333333333333,60,298,0.030100334448160536,3,0,3,1,2,0.0,0.0,0.0,0.0,0.0,0.0,0.0,0.0,0.0,0.0,0.0,41,Online Banking,347,0,58.417073170731705,0.0,0.0,0
702,43,M,Divorced,Low,5,681.77,136.35399999999998,82.08,373.17,10.97,141.7830050817093,3,0.0,74,215,0.023148148148148147,3,1,0,1,0,0.0,0.0,0.0,0.0,0.0,0.0,0.0,0.0,0.0,0.0,0.0,38,Mobile App,0,1,17.941315789473684,0.0,0.0,0
703,64,F,Single,Medium,7,1289.55,184.22142857142856,140.42,470.88,26.19,159.3980187485164,4,0.42857142857142855,58,306,0.02280130293159609,3,0,2,1,1,2.0,0.0,1.0,0.0,164.0,40.0,1.0,1.0,0.0,2.0,0.0,15,Mobile App,106,0,85.97,0.2857142857142857,0.14285714285714285,0
704,55,F,Single,Medium,3,948.6800000000001,316.2266666666667,405.36,421.28,122.04,168.35886591841052,2,0.6666666666666666,245,92,0.03225806451612903,1,0,2,0,0,0.0,0.0,0.0,0.0,0.0,0.0,0.0,0.0,0.0,0.0,0.0,5,Website,58,0,189.73600000000002,0.0,0.0,1
705,19,M,Widowed,Low,7,1783.47,254.78142857142856,225.52,475.86,32.26,172.86282311210158,4,0.0,127,196,0.03553299492385787,2,2,0,1,2,2.0,2.0,0.0,1.0,77.0,277.0,0.0,2.0,0.0,0.0,2.0,40,Website,229,0,44.58675,0.2857142857142857,0.0,0
706,23,F,Divorced,High,1,104.0,104.0,104.0,104.0,104.0,0.0,1,0.0,221,0,1.0,1,0,0,0,0,1.0,1.0,0.0,1.0,221.0,0.0,0.0,0.0,1.0,0.0,1.0,16,Online Banking,279,0,6.5,1.0,0.0,0
707,24,M,Married,Medium,1,35.24,35.24,35.24,35.24,35.24,0.0,1,0.0,260,0,1.0,0,0,0,0,1,1.0,1.0,0.0,1.0,331.0,0.0,0.0,1.0,0.0,0.0,1.0,46,Online Banking,363,0,0.7660869565217392,1.0,0.0,0
708,30,M,Married,Low,3,807.48,269.16,268.56,488.94,49.98,219.48061508935135,3,0.0,16,339,0.008823529411764706,0,1,1,1,0,1.0,1.0,0.0,1.0,267.0,0.0,0.0,0.0,1.0,0.0,1.0,28,Website,93,0,28.83857142857143,0.3333333333333333,0.0,0
709,44,M,Married,High,1,346.94,346.94,346.94,346.94,346.94,0.0,1,0.0,234,0,1.0,1,0,0,0,0,0.0,0.0,0.0,0.0,0.0,0.0,0.0,0.0,0.0,0.0,0.0,13,Mobile App,163,0,26.68769230769231,0.0,0.0,0
710,28,M,Widowed,High,6,1373.66,228.94333333333336,200.985,465.95,41.18,182.18159530168424,3,0.3333333333333333,26,234,0.02553191489361702,1,2,0,3,0,0.0,0.0,0.0,0.0,0.0,0.0,0.0,0.0,0.0,0.0,0.0,41,Website,246,0,33.503902439024394,0.0,0.0,0
711,32,F,Single,Medium,1,391.99,391.99,391.99,391.99,391.99,0.0,1,0.0,218,0,1.0,0,1,0,0,0,1.0,1.0,1.0,1.0,79.0,0.0,1.0,0.0,0.0,0.0,1.0,11,Website,308,0,35.63545454545454,1.0,1.0,0
712,26,F,Widowed,High,5,1159.3899999999999,231.878,191.7,377.8,80.76,125.49956462075876,3,0.6,28,268,0.01858736059479554,2,0,1,2,0,2.0,0.0,0.0,0.0,187.0,140.0,0.0,2.0,0.0,2.0,0.0,37,Mobile App,31,0,31.334864864864862,0.4,0.0,0
713,25,F,Widowed,Low,8,1792.54,224.0675,204.12,390.15,101.8,110.07451252284906,4,0.625,55,245,0.032520325203252036,3,1,1,3,0,1.0,0.0,0.0,0.0,310.0,0.0,0.0,1.0,0.0,1.0,0.0,3,Website,294,0,597.5133333333333,0.125,0.0,1
714,63,M,Widowed,Low,8,1170.32,146.29,104.26,485.71,10.91,156.5199996349166,3,0.25,7,341,0.023391812865497075,0,4,1,0,3,0.0,0.0,0.0,0.0,0.0,0.0,0.0,0.0,0.0,0.0,0.0,8,Mobile App,114,0,146.29,0.0,0.0,1
715,23,F,Married,Low,2,555.91,277.955,277.955,442.93,112.98,233.30988245250137,1,0.0,143,56,0.03508771929824561,0,0,0,2,0,1.0,1.0,0.0,1.0,64.0,0.0,0.0,1.0,0.0,0.0,1.0,38,Online Banking,212,0,14.629210526315788,0.5,0.0,0
716,65,M,Divorced,Low,9,3220.3,357.81111111111113,403.0,487.46,20.38,151.4696266949619,5,0.3333333333333333,44,314,0.02857142857142857,2,1,3,2,1,2.0,1.0,0.0,0.5,237.0,48.0,0.0,2.0,0.0,1.0,1.0,47,Mobile App,354,1,68.51702127659574,0.2222222222222222,0.0,0
717,60,M,Widowed,High,7,1950.63,278.6614285714286,298.11,449.74,56.27,122.99315637174988,3,0.0,92,151,0.046052631578947366,0,1,4,2,0,2.0,2.0,0.0,1.0,45.0,278.0,0.0,1.0,1.0,0.0,2.0,34,Website,242,0,57.3714705882353,0.2857142857142857,0.0,0
718,21,M,Married,Low,6,1845.21,307.535,314.375,488.77,157.49,141.62616153098267,4,0.5,75,238,0.02510460251046025,1,2,1,0,2,1.0,1.0,0.0,1.0,135.0,0.0,0.0,0.0,1.0,0.0,1.0,38,Mobile App,172,0,48.558157894736844,0.16666666666666666,0.0,0
719,28,M,Widowed,Medium,2,434.86,217.43,217.43,300.3,134.56,117.1958779138584,2,0.5,96,225,0.008849557522123894,0,1,0,1,0,0.0,0.0,0.0,0.0,0.0,0.0,0.0,0.0,0.0,0.0,0.0,42,Online Banking,15,0,10.353809523809524,0.0,0.0,0
720,68,M,Widowed,High,6,1551.13,258.5216666666667,256.47,490.97,74.3,147.64861603369897,3,0.16666666666666666,101,263,0.022727272727272728,3,0,2,1,0,2.0,1.0,0.0,0.5,189.0,158.0,0.0,1.0,1.0,1.0,1.0,24,Website,335,0,64.63041666666668,0.3333333333333333,0.0,0
721,45,M,Married,High,5,921.3299999999999,184.266,157.35,313.02,79.73,87.24667575329158,4,1.0,168,98,0.050505050505050504,1,1,2,1,0,0.0,0.0,0.0,0.0,0.0,0.0,0.0,0.0,0.0,0.0,0.0,18,Website,247,0,51.184999999999995,0.0,0.0,0
722,43,F,Divorced,High,3,814.74,271.58,303.09,442.42,69.23,188.579834818042,2,0.3333333333333333,26,199,0.015,0,2,0,1,0,1.0,1.0,0.0,1.0,179.0,0.0,0.0,1.0,0.0,0.0,1.0,25,Website,272,0,32.5896,0.3333333333333333,0.0,0
723,21,F,Divorced,Low,7,2143.56,306.22285714285715,334.58,453.19,157.71,97.16568799637825,3,0.0,58,266,0.026217228464419477,1,5,0,1,0,2.0,0.0,0.0,0.0,23.0,176.0,0.0,1.0,1.0,2.0,0.0,13,Website,212,0,164.88923076923078,0.2857142857142857,0.0,0
724,32,F,Single,High,2,477.73,238.865,238.865,383.5,94.23,204.54477859383258,2,0.0,220,5,0.3333333333333333,1,0,0,1,0,1.0,1.0,0.0,1.0,339.0,0.0,0.0,0.0,1.0,0.0,1.0,39,Website,68,0,12.24948717948718,0.5,0.0,0
725,36,M,Widowed,Low,2,627.29,313.645,313.645,413.43,213.86,141.1173003213993,2,0.0,240,51,0.038461538461538464,1,0,1,0,0,0.0,0.0,0.0,0.0,0.0,0.0,0.0,0.0,0.0,0.0,0.0,22,Mobile App,78,0,28.513181818181817,0.0,0.0,0
726,23,M,Single,Low,8,2048.2,256.025,224.87,477.94,67.15,157.74365751342995,5,0.25,9,335,0.023809523809523808,2,2,2,1,1,1.0,0.0,1.0,0.0,61.0,0.0,1.0,0.0,0.0,1.0,0.0,30,Online Banking,124,0,68.27333333333333,0.125,0.125,0
727,22,F,Married,High,6,1252.1,208.6833333333333,154.57,491.58,15.4,191.44946536009616,5,0.6666666666666666,8,289,0.020689655172413793,1,1,1,1,2,0.0,0.0,0.0,0.0,0.0,0.0,0.0,0.0,0.0,0.0,0.0,30,Mobile App,140,0,41.736666666666665,0.0,0.0,0
728,35,F,Widowed,High,5,1552.44,310.488,325.74,470.47,173.97,119.84388728675319,4,0.2,57,284,0.017543859649122806,0,1,1,2,1,1.0,1.0,1.0,1.0,82.0,0.0,1.0,0.0,0.0,0.0,1.0,37,Website,240,0,41.957837837837836,0.2,0.2,0
729,23,F,Married,Low,2,161.07,80.535,80.535,86.72,74.35,8.746910883277597,2,0.0,12,251,0.007936507936507936,1,1,0,0,0,1.0,0.0,0.0,0.0,160.0,0.0,0.0,0.0,1.0,1.0,0.0,45,Mobile App,325,0,3.579333333333333,0.5,0.0,0
730,48,M,Single,High,6,1247.79,207.965,206.765,387.68,54.27,109.96944789349449,5,0.5,105,163,0.036585365853658534,1,1,2,1,1,1.0,0.0,0.0,0.0,307.0,0.0,0.0,1.0,0.0,1.0,0.0,43,Website,11,0,29.018372093023256,0.16666666666666666,0.0,0
731,42,F,Married,High,8,1559.5,194.9375,167.37,433.53,45.32,145.68325590128742,5,0.25,90,244,0.0326530612244898,2,1,2,2,1,0.0,0.0,0.0,0.0,0.0,0.0,0.0,0.0,0.0,0.0,0.0,15,Online Banking,11,0,103.96666666666667,0.0,0.0,0
732,21,F,Married,Low,9,1865.72,207.3022222222222,218.73,458.37,5.18,164.5835029534991,5,0.2222222222222222,113,209,0.04285714285714286,4,2,1,1,1,1.0,1.0,0.0,1.0,346.0,0.0,0.0,0.0,1.0,0.0,1.0,35,Mobile App,15,0,53.306285714285714,0.1111111111111111,0.0,0
733,23,M,Divorced,Low,3,681.14,227.04666666666665,249.29,330.42,101.43,116.10417491775794,2,0.6666666666666666,50,307,0.00974025974025974,0,0,1,0,2,2.0,2.0,0.0,1.0,283.0,48.0,0.0,0.0,2.0,0.0,2.0,6,Online Banking,350,1,113.52333333333333,0.6666666666666666,0.0,1
734,58,M,Widowed,High,5,1047.12,209.42399999999998,96.96,460.14,22.45,199.22090108721022,3,0.0,61,249,0.02,0,0,2,2,1,2.0,1.0,1.0,0.5,19.0,274.0,1.0,0.0,1.0,1.0,1.0,11,Mobile App,118,0,95.19272727272727,0.4,0.2,0
735,54,F,Widowed,Low,8,2165.4900000000002,270.68625000000003,284.065,496.35,44.21,177.69617561102916,4,0.375,16,313,0.025477707006369428,0,3,3,1,1,2.0,1.0,0.0,0.5,138.0,43.0,0.0,2.0,0.0,1.0,1.0,28,Website,87,0,77.33892857142858,0.25,0.0,0
736,67,F,Widowed,Low,3,576.3,192.1,243.79,261.75,70.76,105.46652122830258,3,0.3333333333333333,149,103,0.028846153846153848,0,1,1,0,1,1.0,1.0,1.0,1.0,147.0,0.0,1.0,0.0,0.0,0.0,1.0,30,Website,303,0,19.209999999999997,0.3333333333333333,0.3333333333333333,0
737,42,M,Married,Medium,9,2132.05,236.89444444444447,161.81,463.64,75.07,141.50252242549521,4,0.4444444444444444,44,300,0.029900332225913623,0,3,2,2,2,2.0,1.0,0.0,0.5,116.0,161.0,0.0,1.0,1.0,1.0,1.0,16,Mobile App,232,0,133.253125,0.2222222222222222,0.0,0
738,51,M,Divorced,High,3,675.36,225.12,235.64,389.35,50.37,169.73468384511165,1,0.3333333333333333,228,44,0.06666666666666667,0,0,0,3,0,2.0,2.0,2.0,1.0,55.0,78.0,2.0,0.0,0.0,0.0,2.0,28,Mobile App,220,0,24.12,0.6666666666666666,0.6666666666666666,0
739,36,M,Single,High,2,338.96999999999997,169.48499999999999,169.48499999999999,272.39,66.58,145.52964663600335,2,0.5,83,256,0.007782101167315175,1,0,0,0,1,0.0,0.0,0.0,0.0,0.0,0.0,0.0,0.0,0.0,0.0,0.0,25,Online Banking,85,0,13.558799999999998,0.0,0.0,0
740,51,M,Widowed,High,9,2094.81,232.75666666666666,213.1,476.17,17.89,166.06921998070564,5,0.3333333333333333,29,333,0.02694610778443114,2,2,1,3,1,1.0,0.0,1.0,0.0,180.0,0.0,1.0,0.0,0.0,1.0,0.0,48,Online Banking,218,0,43.641875,0.1111111111111111,0.1111111111111111,0
741,32,F,Married,High,8,2317.66,289.7075,248.25,485.51,76.13,155.38300152940062,5,0.375,16,277,0.02877697841726619,1,1,2,3,1,1.0,0.0,1.0,0.0,202.0,0.0,1.0,0.0,0.0,1.0,0.0,30,Website,192,0,77.25533333333333,0.125,0.125,0
742,67,F,Divorced,High,2,583.1,291.55,291.55,493.76,89.34,285.96812444746354,2,0.0,183,120,0.01652892561983471,1,0,0,0,1,0.0,0.0,0.0,0.0,0.0,0.0,0.0,0.0,0.0,0.0,0.0,45,Online Banking,276,1,12.957777777777778,0.0,0.0,0
743,25,F,Divorced,Low,4,1118.41,279.6025,297.47,344.42,179.05,73.62829500266864,3,0.25,16,306,0.013029315960912053,1,1,0,0,2,2.0,0.0,1.0,0.0,297.0,19.0,1.0,1.0,0.0,2.0,0.0,14,Online Banking,156,0,79.88642857142858,0.5,0.25,0
744,61,F,Widowed,High,6,1132.03,188.67166666666665,225.68,298.72,13.15,108.4032206932371,4,0.16666666666666666,79,230,0.025974025974025976,1,2,1,2,0,0.0,0.0,0.0,0.0,0.0,0.0,0.0,0.0,0.0,0.0,0.0,27,Website,205,0,41.92703703703704,0.0,0.0,0
745,64,F,Divorced,High,9,2639.2799999999997,293.25333333333333,351.3,473.86,53.15,143.17569451551475,4,0.2222222222222222,34,285,0.03146853146853147,2,1,4,2,0,0.0,0.0,0.0,0.0,0.0,0.0,0.0,0.0,0.0,0.0,0.0,48,Website,204,0,54.98499999999999,0.0,0.0,0
746,66,M,Divorced,Medium,2,604.8199999999999,302.40999999999997,302.40999999999997,488.88,115.94,263.708402975711,1,0.0,72,272,0.007326007326007326,0,0,0,2,0,1.0,0.0,0.0,0.0,90.0,0.0,0.0,0.0,1.0,1.0,0.0,30,Mobile App,13,0,20.160666666666664,0.5,0.0,0
747,51,M,Married,Low,4,967.0799999999999,241.76999999999998,194.235,498.9,79.71,193.11950652381026,2,0.5,6,345,0.011560693641618497,0,3,0,1,0,2.0,2.0,1.0,1.0,296.0,42.0,1.0,1.0,0.0,0.0,2.0,10,Online Banking,29,0,96.708,0.5,0.25,0
748,35,F,Single,High,2,284.57,142.285,142.285,200.79,83.78,82.73856446663792,2,0.0,43,248,0.008032128514056224,0,0,1,1,0,0.0,0.0,0.0,0.0,0.0,0.0,0.0,0.0,0.0,0.0,0.0,20,Mobile App,328,1,14.2285,0.0,0.0,0
749,47,M,Divorced,High,3,618.27,206.09,207.63,254.96,155.68,49.65791276322436,3,0.3333333333333333,9,269,0.011111111111111112,1,0,1,0,1,2.0,1.0,1.0,0.5,118.0,199.0,1.0,0.0,1.0,1.0,1.0,44,Online Banking,308,0,14.051590909090908,0.6666666666666666,0.3333333333333333,0
750,30,F,Single,High,8,2600.41,325.05125,352.55,472.13,63.34,144.06624056191254,4,0.375,26,310,0.02572347266881029,2,2,0,3,1,2.0,1.0,0.0,0.5,154.0,64.0,0.0,2.0,0.0,1.0,1.0,7,Website,132,0,371.4871428571428,0.25,0.0,1
751,64,F,Divorced,High,6,1172.35,195.39166666666665,91.125,496.89,61.4,188.2978395432796,2,0.3333333333333333,96,258,0.023166023166023165,0,5,0,1,0,1.0,0.0,1.0,0.0,2.0,0.0,1.0,0.0,0.0,1.0,0.0,34,Website,129,0,34.48088235294117,0.16666666666666666,0.16666666666666666,0
752,50,F,Divorced,Low,9,2056.76,228.5288888888889,188.18,469.85,48.25,158.16232282408828,4,0.4444444444444444,25,318,0.02821316614420063,2,3,0,2,2,2.0,0.0,0.0,0.0,1.0,159.0,0.0,2.0,0.0,2.0,0.0,27,Website,24,0,76.1762962962963,0.2222222222222222,0.0,0
753,52,F,Divorced,Medium,6,1560.95,260.15833333333336,199.19,475.21,99.89,150.15778253779146,4,0.3333333333333333,45,234,0.02553191489361702,2,0,1,1,2,2.0,1.0,1.0,0.5,57.0,70.0,1.0,0.0,1.0,1.0,1.0,23,Online Banking,188,1,67.86739130434783,0.3333333333333333,0.16666666666666666,0
754,69,M,Widowed,Medium,4,1122.07,280.5175,289.135,405.13,138.67,112.87614491851973,3,0.25,66,236,0.016877637130801686,1,1,0,0,2,0.0,0.0,0.0,0.0,0.0,0.0,0.0,0.0,0.0,0.0,0.0,46,Website,57,0,24.39282608695652,0.0,0.0,0
755,41,F,Widowed,High,3,539.68,179.89333333333332,200.98,331.36,7.34,163.03596453952525,3,0.0,192,86,0.034482758620689655,1,1,0,1,0,0.0,0.0,0.0,0.0,0.0,0.0,0.0,0.0,0.0,0.0,0.0,45,Website,315,0,11.992888888888888,0.0,0.0,0
756,43,F,Widowed,Medium,6,2081.7,346.95,374.975,482.48,114.32,142.96979513169907,3,0.3333333333333333,221,122,0.04878048780487805,2,0,0,2,2,0.0,0.0,0.0,0.0,0.0,0.0,0.0,0.0,0.0,0.0,0.0,25,Mobile App,144,0,83.26799999999999,0.0,0.0,0
757,64,F,Single,Medium,5,1484.12,296.82399999999996,314.25,352.08,158.33,79.94406438254188,4,0.4,53,299,0.016666666666666666,2,0,1,1,1,1.0,0.0,0.0,0.0,34.0,0.0,0.0,1.0,0.0,1.0,0.0,28,Mobile App,116,1,53.00428571428571,0.2,0.0,0
758,68,M,Single,Medium,9,1725.5,191.72222222222223,193.74,462.84,18.8,159.63951083439352,4,0.4444444444444444,19,199,0.045,2,2,0,1,4,2.0,2.0,0.0,1.0,16.0,166.0,0.0,1.0,1.0,0.0,2.0,18,Online Banking,146,0,95.86111111111111,0.2222222222222222,0.0,0
759,61,F,Widowed,Medium,2,575.97,287.985,287.985,384.04,191.93,135.84228373374765,2,0.5,291,23,0.08333333333333333,0,1,1,0,0,1.0,0.0,1.0,0.0,225.0,0.0,1.0,0.0,0.0,1.0,0.0,13,Website,294,0,44.30538461538462,0.5,0.5,0
760,59,M,Single,Medium,1,477.75,477.75,477.75,477.75,477.75,0.0,1,0.0,235,0,1.0,0,0,0,0,1,2.0,1.0,0.0,0.5,196.0,96.0,0.0,1.0,1.0,1.0,1.0,13,Online Banking,335,0,36.75,2.0,0.0,0
761,64,M,Married,Low,9,1309.22,145.4688888888889,146.92,339.09,14.01,115.09007151405855,3,0.3333333333333333,13,346,0.025936599423631124,3,0,2,0,4,1.0,0.0,0.0,0.0,230.0,0.0,0.0,1.0,0.0,1.0,0.0,45,Online Banking,358,0,29.093777777777778,0.1111111111111111,0.0,0
762,18,F,Single,Low,9,2577.9500000000003,286.4388888888889,238.97,463.35,135.18,116.04943746572454,5,0.3333333333333333,107,232,0.03862660944206009,1,3,2,1,2,1.0,1.0,1.0,1.0,296.0,0.0,1.0,0.0,0.0,0.0,1.0,34,Mobile App,55,1,75.82205882352942,0.1111111111111111,0.1111111111111111,0
763,30,M,Married,Low,5,693.13,138.626,113.4,253.05,91.44,67.22768313723151,3,0.4,50,161,0.030864197530864196,0,1,2,2,0,2.0,0.0,1.0,0.0,16.0,95.0,1.0,1.0,0.0,2.0,0.0,14,Mobile App,247,1,49.50928571428572,0.4,0.2,0
764,27,M,Widowed,Medium,1,496.99,496.99,496.99,496.99,496.99,0.0,1,0.0,340,0,1.0,0,0,0,0,1,0.0,0.0,0.0,0.0,0.0,0.0,0.0,0.0,0.0,0.0,0.0,28,Mobile App,319,0,17.749642857142856,0.0,0.0,0
765,36,F,Married,Low,5,1079.2,215.84,169.28,498.03,29.95,204.62622058279823,3,0.6,110,184,0.02702702702702703,2,1,2,0,0,1.0,0.0,0.0,0.0,60.0,0.0,0.0,0.0,1.0,1.0,0.0,13,Online Banking,24,0,83.01538461538462,0.2,0.0,0
766,22,F,Widowed,Medium,3,910.23,303.41,334.87,336.78,238.58,56.15254847288766,3,0.6666666666666666,206,74,0.04,1,1,1,0,0,2.0,0.0,1.0,0.0,99.0,217.0,1.0,1.0,0.0,2.0,0.0,34,Website,175,0,26.771470588235296,0.6666666666666666,0.3333333333333333,0
767,25,M,Widowed,Medium,8,2189.69,273.71125,252.29500000000002,402.69,203.4,73.42449755409584,4,0.375,9,326,0.024464831804281346,1,1,2,4,0,0.0,0.0,0.0,0.0,0.0,0.0,0.0,0.0,0.0,0.0,0.0,5,Mobile App,143,0,437.938,0.0,0.0,1
768,21,F,Widowed,Low,5,1068.46,213.692,191.76,459.88,72.63,159.13643916463633,4,0.2,136,176,0.02824858757062147,1,2,0,1,1,0.0,0.0,0.0,0.0,0.0,0.0,0.0,0.0,0.0,0.0,0.0,40,Mobile App,131,0,26.7115,0.0,0.0,0
769,66,M,Single,High,5,1257.45,251.49,200.99,379.53,151.61,104.77824559516158,3,0.4,180,141,0.035211267605633804,0,0,1,3,1,2.0,1.0,1.0,0.5,279.0,84.0,1.0,0.0,1.0,1.0,1.0,10,Mobile App,219,0,125.745,0.4,0.2,0
770,30,F,Divorced,Medium,6,970.67,161.77833333333334,123.555,369.57,66.07,111.41131027264093,3,0.3333333333333333,53,302,0.019801980198019802,0,2,0,2,2,2.0,2.0,0.0,1.0,74.0,288.0,0.0,1.0,1.0,0.0,2.0,36,Website,335,0,26.963055555555556,0.3333333333333333,0.0,0
771,55,F,Divorced,Medium,7,1500.63,214.3757142857143,180.32,471.73,37.04,159.54082172045528,4,0.2857142857142857,18,296,0.02356902356902357,1,0,1,3,2,2.0,1.0,1.0,0.5,222.0,20.0,1.0,0.0,1.0,1.0,1.0,6,Online Banking,262,0,250.10500000000002,0.2857142857142857,0.14285714285714285,1
772,63,F,Married,Low,4,1124.58,281.145,303.895,467.71,49.08,190.35951819298833,3,0.5,63,149,0.02666666666666667,1,0,0,2,1,2.0,2.0,0.0,1.0,11.0,172.0,0.0,1.0,1.0,0.0,2.0,21,Online Banking,245,0,53.551428571428566,0.5,0.0,0
773,66,M,Divorced,Medium,8,1918.91,239.86375,235.07500000000002,455.92,48.41,160.0266139416905,4,0.25,13,243,0.03278688524590164,2,3,2,0,1,0.0,0.0,0.0,0.0,0.0,0.0,0.0,0.0,0.0,0.0,0.0,35,Website,177,0,54.826,0.0,0.0,0
774,63,M,Widowed,Medium,1,41.49,41.49,41.49,41.49,41.49,0.0,1,0.0,331,0,1.0,1,0,0,0,0,0.0,0.0,0.0,0.0,0.0,0.0,0.0,0.0,0.0,0.0,0.0,16,Online Banking,37,0,2.593125,0.0,0.0,0
775,36,M,Divorced,Medium,5,1586.9,317.38,344.45,495.15,156.07,154.07017427133647,4,0.2,29,277,0.017985611510791366,1,1,2,0,1,1.0,0.0,0.0,0.0,21.0,0.0,0.0,1.0,0.0,1.0,0.0,20,Website,152,1,79.345,0.2,0.0,0
776,69,F,Married,Low,5,1647.73,329.546,297.39,459.53,210.71,100.36038028026796,3,0.2,8,303,0.01644736842105263,2,1,0,2,0,2.0,1.0,1.0,0.5,122.0,190.0,1.0,1.0,0.0,1.0,1.0,31,Mobile App,147,0,53.152580645161294,0.4,0.2,0
777,67,M,Widowed,High,6,1488.0,248.0,255.305,449.87,15.74,139.16118970460118,3,0.16666666666666666,87,250,0.02390438247011952,1,0,2,3,0,0.0,0.0,0.0,0.0,0.0,0.0,0.0,0.0,0.0,0.0,0.0,5,Website,100,1,297.6,0.0,0.0,1
778,25,F,Single,High,9,2064.51,229.39000000000001,195.29,446.03,49.28,140.8093291476101,5,0.4444444444444444,50,302,0.0297029702970297,1,1,2,2,3,2.0,1.0,1.0,0.5,16.0,81.0,1.0,0.0,1.0,1.0,1.0,6,Online Banking,160,0,344.08500000000004,0.2222222222222222,0.1111111111111111,1
779,44,F,Widowed,Low,6,1563.06,260.51,176.48000000000002,490.68,99.08,170.49893653627285,4,0.16666666666666666,29,318,0.018808777429467086,1,1,2,0,2,1.0,0.0,0.0,0.0,274.0,0.0,0.0,0.0,1.0,1.0,0.0,2,Mobile App,167,0,781.53,0.16666666666666666,0.0,1
780,67,M,Widowed,Medium,7,2107.59,301.0842857142857,336.49,456.25,55.87,143.21484604806662,5,0.14285714285714285,29,316,0.022082018927444796,1,2,2,1,1,1.0,1.0,1.0,1.0,110.0,0.0,1.0,0.0,0.0,0.0,1.0,39,Mobile App,73,0,54.040769230769236,0.14285714285714285,0.14285714285714285,0
781,64,F,Married,High,2,548.61,274.305,274.305,455.23,93.38,255.86658877235223,1,0.5,164,150,0.013245033112582781,0,2,0,0,0,1.0,0.0,0.0,0.0,276.0,0.0,0.0,0.0,1.0,1.0,0.0,22,Mobile App,337,0,24.936818181818182,0.5,0.0,0
782,47,M,Single,Low,5,1042.79,208.558,221.51,308.14,18.26,116.62075038345448,4,0.4,77,244,0.02040816326530612,1,1,2,1,0,1.0,1.0,0.0,1.0,169.0,0.0,0.0,1.0,0.0,0.0,1.0,11,Mobile App,115,1,94.7990909090909,0.2,0.0,0
783,21,F,Widowed,Low,6,1133.6799999999998,188.94666666666663,143.99,398.63,56.92,144.3449300345068,2,0.3333333333333333,69,279,0.02142857142857143,0,0,3,3,0,0.0,0.0,0.0,0.0,0.0,0.0,0.0,0.0,0.0,0.0,0.0,15,Website,143,0,75.57866666666665,0.0,0.0,0
784,28,M,Single,Medium,4,1567.71,391.9275,388.13,479.86,311.59,71.20731534283071,3,0.0,85,192,0.02072538860103627,1,0,1,0,2,2.0,1.0,0.0,0.5,246.0,48.0,0.0,2.0,0.0,1.0,1.0,13,Online Banking,144,0,120.59307692307692,0.5,0.0,0
785,38,F,Widowed,Medium,7,1960.77,280.11,288.14,492.58,148.88,114.30656324113677,4,0.42857142857142855,12,140,0.04964539007092199,1,0,1,3,2,1.0,0.0,0.0,0.0,281.0,0.0,0.0,1.0,0.0,1.0,0.0,33,Online Banking,84,0,59.417272727272724,0.14285714285714285,0.0,0
786,60,F,Widowed,Low,9,2141.4,237.93333333333334,182.47,492.41,149.22,110.5837572837892,5,0.1111111111111111,58,304,0.029508196721311476,1,2,2,3,1,2.0,1.0,0.0,0.5,148.0,207.0,0.0,2.0,0.0,1.0,1.0,46,Mobile App,112,0,46.55217391304348,0.2222222222222222,0.0,0
787,19,M,Married,Low,8,1255.38,156.9225,156.52,315.0,5.76,121.15480766947951,4,0.125,37,327,0.024390243902439025,4,1,1,2,0,2.0,1.0,2.0,0.5,64.0,42.0,2.0,0.0,0.0,1.0,1.0,14,Website,235,0,89.67,0.25,0.25,0
788,38,M,Widowed,Low,5,1041.15,208.23000000000002,148.67,468.7,29.93,186.14603044384268,2,0.0,10,224,0.022222222222222223,3,2,0,0,0,0.0,0.0,0.0,0.0,0.0,0.0,0.0,0.0,0.0,0.0,0.0,39,Online Banking,133,1,26.696153846153848,0.0,0.0,0
789,34,F,Widowed,High,8,1755.6999999999998,219.46249999999998,192.69,453.78,24.26,152.16152890455402,5,0.125,0,313,0.025477707006369428,1,2,3,1,1,2.0,0.0,1.0,0.0,162.0,73.0,1.0,1.0,0.0,2.0,0.0,2,Website,102,1,877.8499999999999,0.25,0.125,1
790,60,M,Widowed,Medium,9,2782.16,309.12888888888887,350.35,437.03,73.32,131.93991373390807,4,0.1111111111111111,31,239,0.0375,1,3,2,0,3,1.0,0.0,0.0,0.0,141.0,0.0,0.0,1.0,0.0,1.0,0.0,10,Website,247,0,278.216,0.1111111111111111,0.0,0
791,68,F,Divorced,Low,2,441.32,220.66,220.66,330.03,111.29,154.67253731674538,2,0.0,68,235,0.00847457627118644,0,1,1,0,0,2.0,0.0,0.0,0.0,48.0,255.0,0.0,1.0,1.0,2.0,0.0,42,Website,10,1,10.507619047619048,1.0,0.0,0
792,46,F,Single,Medium,5,1381.17,276.23400000000004,297.18,343.51,164.41,76.43826024969434,3,0.0,12,243,0.020491803278688523,2,2,1,0,0,2.0,1.0,0.0,0.5,10.0,219.0,0.0,1.0,1.0,1.0,1.0,30,Online Banking,147,0,46.039,0.4,0.0,0
793,44,F,Married,High,6,1189.15,198.1916666666667,138.04000000000002,433.81,25.55,178.9373153276495,3,0.16666666666666666,167,136,0.043795620437956206,2,1,3,0,0,1.0,0.0,0.0,0.0,130.0,0.0,0.0,0.0,1.0,1.0,0.0,32,Website,78,0,37.1609375,0.16666666666666666,0.0,0
794,41,F,Married,Low,6,2430.75,405.125,403.305,496.91,300.0,73.72567388637422,4,0.3333333333333333,30,325,0.018404907975460124,2,1,1,0,2,2.0,0.0,2.0,0.0,224.0,25.0,2.0,0.0,0.0,2.0,0.0,9,Website,222,0,270.0833333333333,0.3333333333333333,0.3333333333333333,1
795,66,F,Married,Medium,4,993.04,248.26,239.615,492.61,21.2,192.86823706008894,3,0.0,102,137,0.028985507246376812,1,2,1,0,0,1.0,0.0,0.0,0.0,50.0,0.0,0.0,1.0,0.0,1.0,0.0,48,Online Banking,0,0,20.688333333333333,0.25,0.0,0
796,20,M,Widowed,High,9,2309.95,256.6611111111111,293.05,457.81,5.4,168.30209843050417,5,0.3333333333333333,35,319,0.028125,3,1,3,1,1,0.0,0.0,0.0,0.0,0.0,0.0,0.0,0.0,0.0,0.0,0.0,16,Website,325,0,144.371875,0.0,0.0,0
797,56,M,Single,Low,4,922.22,230.555,191.20999999999998,459.8,80.0,172.37389912628885,2,0.5,26,298,0.013377926421404682,0,0,3,1,0,1.0,0.0,0.0,0.0,351.0,0.0,0.0,0.0,1.0,1.0,0.0,39,Website,2,0,23.64666666666667,0.25,0.0,0
798,27,M,Divorced,Medium,6,953.9499999999999,158.99166666666665,174.875,293.43,36.01,93.4221261622035,3,0.5,61,232,0.02575107296137339,3,1,0,2,0,2.0,0.0,0.0,0.0,273.0,7.0,0.0,2.0,0.0,2.0,0.0,5,Mobile App,218,0,190.79,0.3333333333333333,0.0,1
799,20,F,Divorced,Low,4,912.13,228.0325,265.21500000000003,274.28,107.42,80.55208889284002,2,0.0,103,202,0.019704433497536946,0,0,0,2,2,1.0,1.0,0.0,1.0,334.0,0.0,0.0,1.0,0.0,0.0,1.0,46,Mobile App,362,1,19.82891304347826,0.25,0.0,0
800,62,M,Married,Medium,5,1213.09,242.618,312.15,393.55,31.75,168.83857518351667,3,0.0,9,295,0.016891891891891893,0,2,2,0,1,2.0,1.0,1.0,0.5,89.0,77.0,1.0,0.0,1.0,1.0,1.0,15,Online Banking,217,0,80.87266666666666,0.4,0.2,0
801,59,M,Single,Medium,7,1621.99,231.71285714285713,199.24,454.68,60.96,137.15432180750335,4,0.2857142857142857,1,359,0.019444444444444445,2,3,0,1,1,0.0,0.0,0.0,0.0,0.0,0.0,0.0,0.0,0.0,0.0,0.0,4,Website,117,0,405.4975,0.0,0.0,1
802,43,M,Divorced,High,2,504.29,252.145,252.145,434.72,69.57,258.20004115026785,1,0.0,26,153,0.012987012987012988,0,2,0,0,0,2.0,1.0,0.0,0.5,76.0,237.0,0.0,0.0,2.0,1.0,1.0,24,Mobile App,115,0,21.012083333333333,1.0,0.0,0
803,54,F,Married,High,8,2136.39,267.04875,287.91499999999996,464.17,64.82,140.117840042638,4,0.25,5,353,0.022598870056497175,3,1,1,3,0,1.0,1.0,0.0,1.0,38.0,0.0,0.0,1.0,0.0,0.0,1.0,25,Website,47,0,85.45559999999999,0.125,0.0,0
804,44,M,Divorced,High,7,2218.53,316.9328571428572,365.09,461.38,144.15,134.28996285579026,4,0.7142857142857143,20,250,0.027888446215139442,0,3,1,1,2,1.0,0.0,0.0,0.0,75.0,0.0,0.0,0.0,1.0,1.0,0.0,37,Website,12,0,59.96027027027028,0.14285714285714285,0.0,0
805,22,M,Divorced,High,6,1100.6200000000001,183.4366666666667,137.79500000000002,463.45,30.76,164.4505297853025,4,0.0,2,272,0.02197802197802198,0,1,2,1,2,1.0,0.0,1.0,0.0,204.0,0.0,1.0,0.0,0.0,1.0,0.0,24,Website,348,0,45.859166666666674,0.16666666666666666,0.16666666666666666,0
806,59,M,Single,High,3,421.3,140.43333333333334,100.31,266.12,54.87,111.19375896754877,3,0.3333333333333333,55,83,0.03571428571428571,1,1,1,0,0,1.0,0.0,1.0,0.0,185.0,0.0,1.0,0.0,0.0,1.0,0.0,42,Online Banking,133,1,10.030952380952382,0.3333333333333333,0.3333333333333333,0
807,28,F,Married,Medium,4,1217.41,304.3525,316.105,465.22,119.98,146.50153341063248,3,0.25,42,94,0.042105263157894736,0,0,1,2,1,0.0,0.0,0.0,0.0,0.0,0.0,0.0,0.0,0.0,0.0,0.0,13,Mobile App,306,1,93.64692307692309,0.0,0.0,0
808,30,M,Divorced,High,6,1759.63,293.2716666666667,301.025,499.57,39.63,182.58098174965176,2,0.16666666666666666,85,266,0.02247191011235955,0,4,0,0,2,2.0,1.0,0.0,0.5,69.0,189.0,0.0,2.0,0.0,1.0,1.0,20,Online Banking,135,0,87.98150000000001,0.3333333333333333,0.0,0
809,58,F,Widowed,Medium,9,1482.3600000000001,164.70666666666668,78.62,431.04,11.26,160.03823129177604,5,0.1111111111111111,24,328,0.02735562310030395,2,3,1,1,2,0.0,0.0,0.0,0.0,0.0,0.0,0.0,0.0,0.0,0.0,0.0,5,Mobile App,324,0,296.47200000000004,0.0,0.0,1
810,51,F,Widowed,Medium,4,1290.08,322.52,287.15999999999997,461.0,254.76,93.74779819636653,3,0.25,112,234,0.01702127659574468,2,1,1,0,0,1.0,0.0,1.0,0.0,116.0,0.0,1.0,0.0,0.0,1.0,0.0,20,Online Banking,317,0,64.50399999999999,0.25,0.25,0
811,55,M,Divorced,Low,2,871.11,435.555,435.555,441.85,429.26,8.902474375138656,2,0.5,265,34,0.05714285714285714,0,0,1,1,0,1.0,0.0,1.0,0.0,192.0,0.0,1.0,0.0,0.0,1.0,0.0,18,Online Banking,267,0,48.395,0.5,0.5,0
812,57,F,Single,Medium,7,2042.29,291.7557142857143,288.81,459.89,111.75,127.33154988155172,4,0.0,12,196,0.03553299492385787,2,0,1,1,3,2.0,0.0,1.0,0.0,170.0,175.0,1.0,1.0,0.0,2.0,0.0,39,Mobile App,297,1,52.366410256410255,0.2857142857142857,0.14285714285714285,0
813,50,M,Single,Medium,8,2206.29,275.78625,310.08000000000004,460.83,35.03,160.46812045988628,4,0.125,7,310,0.02572347266881029,5,0,1,1,1,0.0,0.0,0.0,0.0,0.0,0.0,0.0,0.0,0.0,0.0,0.0,49,Website,23,0,45.026326530612245,0.0,0.0,0
814,51,F,Divorced,High,9,1650.27,183.36333333333334,183.15,360.71,65.05,106.33215600184171,5,0.3333333333333333,41,250,0.035856573705179286,3,1,3,1,1,2.0,0.0,0.0,0.0,117.0,4.0,0.0,1.0,1.0,2.0,0.0,3,Online Banking,223,0,550.09,0.2222222222222222,0.0,1
815,44,M,Single,Medium,2,493.38,246.69,246.69,475.29,18.09,323.28922035848956,2,0.5,14,324,0.006153846153846154,0,0,0,1,1,0.0,0.0,0.0,0.0,0.0,0.0,0.0,0.0,0.0,0.0,0.0,44,Online Banking,132,0,11.213181818181818,0.0,0.0,0
816,53,M,Single,High,8,1299.37,162.42125,148.5,416.07,14.1,133.4747673786537,4,0.25,66,184,0.043243243243243246,3,1,0,3,1,0.0,0.0,0.0,0.0,0.0,0.0,0.0,0.0,0.0,0.0,0.0,31,Online Banking,72,0,41.91516129032258,0.0,0.0,0
817,43,F,Widowed,Medium,4,337.9,84.475,82.28,153.21,20.13,55.931911285061595,2,0.25,134,225,0.017699115044247787,0,2,0,0,2,0.0,0.0,0.0,0.0,0.0,0.0,0.0,0.0,0.0,0.0,0.0,30,Website,14,0,11.263333333333332,0.0,0.0,0
818,68,M,Married,Medium,8,1295.74,161.9675,151.0,264.65,76.13,68.16347424705236,3,0.125,15,333,0.023952095808383235,0,5,2,0,1,1.0,0.0,1.0,0.0,45.0,0.0,1.0,0.0,0.0,1.0,0.0,41,Online Banking,283,0,31.603414634146343,0.125,0.125,0
819,42,F,Married,High,5,985.26,197.052,241.79,251.83,58.98,80.78944621669343,4,0.4,57,166,0.029940119760479042,1,1,1,2,0,1.0,1.0,0.0,1.0,126.0,0.0,0.0,1.0,0.0,0.0,1.0,24,Website,239,0,41.0525,0.2,0.0,0
820,36,M,Divorced,Low,2,566.46,283.23,283.23,408.6,157.86,177.29995431471494,2,0.0,54,112,0.017699115044247787,0,0,0,1,1,0.0,0.0,0.0,0.0,0.0,0.0,0.0,0.0,0.0,0.0,0.0,5,Online Banking,114,0,113.292,0.0,0.0,1
821,38,F,Divorced,Medium,2,304.95,152.475,152.475,179.44,125.51,38.1342687093905,2,1.0,112,210,0.009478672985781991,0,0,1,1,0,1.0,0.0,1.0,0.0,214.0,0.0,1.0,0.0,0.0,1.0,0.0,20,Mobile App,195,0,15.247499999999999,0.5,0.5,0
822,48,F,Divorced,Medium,9,2275.24,252.8044444444444,227.11,485.9,39.66,136.83791370734127,4,0.5555555555555556,133,201,0.04455445544554455,3,1,0,2,3,2.0,2.0,1.0,1.0,207.0,128.0,1.0,0.0,1.0,0.0,2.0,24,Mobile App,336,0,94.80166666666666,0.2222222222222222,0.1111111111111111,0
823,46,F,Widowed,High,3,651.38,217.12666666666667,223.74,301.06,126.58,87.42779725769907,3,0.3333333333333333,125,200,0.014925373134328358,0,0,1,1,1,1.0,0.0,0.0,0.0,57.0,0.0,0.0,0.0,1.0,1.0,0.0,17,Online Banking,0,1,38.31647058823529,0.3333333333333333,0.0,0
824,26,F,Widowed,High,1,318.01,318.01,318.01,318.01,318.01,0.0,1,0.0,169,0,1.0,0,0,0,1,0,0.0,0.0,0.0,0.0,0.0,0.0,0.0,0.0,0.0,0.0,0.0,8,Online Banking,330,0,39.75125,0.0,0.0,1
825,36,F,Single,Low,9,1087.05,120.78333333333333,58.5,312.35,22.44,119.04993343131277,3,0.4444444444444444,27,307,0.02922077922077922,4,3,0,2,0,0.0,0.0,0.0,0.0,0.0,0.0,0.0,0.0,0.0,0.0,0.0,21,Website,50,0,51.76428571428571,0.0,0.0,0
826,43,M,Widowed,Low,6,1099.45,183.24166666666667,125.67500000000001,442.76,55.47,144.51959056358643,4,0.16666666666666666,113,198,0.03015075376884422,1,2,2,1,0,1.0,1.0,1.0,1.0,220.0,0.0,1.0,0.0,0.0,0.0,1.0,14,Mobile App,166,1,78.53214285714286,0.16666666666666666,0.16666666666666666,0
827,42,M,Married,Low,6,2317.93,386.32166666666666,399.025,491.34,257.5,83.3802255733736,4,0.5,16,284,0.021052631578947368,2,1,2,0,1,0.0,0.0,0.0,0.0,0.0,0.0,0.0,0.0,0.0,0.0,0.0,38,Online Banking,83,1,60.998157894736835,0.0,0.0,0
828,57,F,Widowed,Medium,4,1361.59,340.3975,376.91499999999996,428.95,178.81,112.47816895587637,3,0.25,55,124,0.032,0,1,1,2,0,1.0,1.0,0.0,1.0,156.0,0.0,0.0,1.0,0.0,0.0,1.0,32,Online Banking,80,0,42.5496875,0.25,0.0,0
829,60,M,Divorced,Medium,1,144.37,144.37,144.37,144.37,144.37,0.0,1,0.0,144,0,1.0,0,0,1,0,0,0.0,0.0,0.0,0.0,0.0,0.0,0.0,0.0,0.0,0.0,0.0,36,Online Banking,201,0,4.010277777777778,0.0,0.0,0
830,46,M,Married,High,2,395.99,197.995,197.995,381.86,14.13,260.02437664572915,2,1.0,69,43,0.045454545454545456,0,1,0,0,1,0.0,0.0,0.0,0.0,0.0,0.0,0.0,0.0,0.0,0.0,0.0,40,Website,167,0,9.899750000000001,0.0,0.0,0
831,42,F,Single,High,8,1417.95,177.24375,212.895,291.46,34.36,96.09419172836915,4,0.25,20,333,0.023952095808383235,2,2,0,3,1,1.0,1.0,0.0,1.0,185.0,0.0,0.0,0.0,1.0,0.0,1.0,4,Mobile App,119,1,354.4875,0.125,0.0,1
832,36,F,Married,High,5,1463.62,292.724,351.83,462.27,81.79,155.4063254182403,3,0.0,39,259,0.019230769230769232,1,1,0,0,3,0.0,0.0,0.0,0.0,0.0,0.0,0.0,0.0,0.0,0.0,0.0,21,Website,131,0,69.69619047619047,0.0,0.0,0
833,21,F,Widowed,Low,5,1000.79,200.158,166.99,480.2,42.67,166.28276871041086,3,0.6,52,291,0.017123287671232876,0,1,3,1,0,1.0,1.0,0.0,1.0,251.0,0.0,0.0,0.0,1.0,0.0,1.0,25,Mobile App,108,0,40.0316,0.2,0.0,0
834,62,F,Widowed,Low,5,1521.8600000000001,304.372,300.0,486.18,42.37,175.28300251307883,3,0.2,13,310,0.01607717041800643,2,0,1,2,0,1.0,1.0,0.0,1.0,253.0,0.0,0.0,0.0,1.0,0.0,1.0,45,Mobile App,40,0,33.81911111111111,0.2,0.0,0
835,37,M,Single,Low,5,825.2,165.04000000000002,158.49,302.59,82.55,87.27290186535565,4,0.4,97,213,0.02336448598130841,1,0,1,2,1,1.0,0.0,1.0,0.0,39.0,0.0,1.0,0.0,0.0,1.0,0.0,1,Mobile App,163,0,825.2,0.2,0.2,1
836,63,M,Divorced,Medium,6,1130.44,188.40666666666667,152.28,437.15,32.68,166.74244146787183,2,0.16666666666666666,166,193,0.030927835051546393,0,0,4,2,0,2.0,0.0,1.0,0.0,101.0,2.0,1.0,1.0,0.0,2.0,0.0,47,Mobile App,208,1,24.051914893617024,0.3333333333333333,0.16666666666666666,0
837,18,F,Single,Medium,7,1600.01,228.57285714285715,218.92,387.2,70.87,144.30799385507441,4,0.0,57,282,0.024734982332155476,0,3,1,1,2,0.0,0.0,0.0,0.0,0.0,0.0,0.0,0.0,0.0,0.0,0.0,13,Website,127,0,123.0776923076923,0.0,0.0,0
838,28,M,Single,High,9,1729.93,192.21444444444444,142.05,466.26,30.05,154.9076299856717,5,0.0,10,303,0.029605263157894735,3,1,3,1,1,2.0,1.0,1.0,0.5,70.0,56.0,1.0,1.0,0.0,1.0,1.0,16,Online Banking,362,0,108.120625,0.2222222222222222,0.1111111111111111,0
839,21,M,Single,Low,5,1182.6,236.51999999999998,253.65,382.76,58.22,116.80377455373606,4,0.2,15,248,0.020080321285140562,0,1,2,1,1,0.0,0.0,0.0,0.0,0.0,0.0,0.0,0.0,0.0,0.0,0.0,29,Mobile App,186,0,40.779310344827586,0.0,0.0,0
840,24,F,Single,Medium,5,997.8299999999999,199.56599999999997,128.71,499.39,14.76,187.139162470072,2,0.2,7,228,0.021834061135371178,0,0,1,0,4,1.0,0.0,1.0,0.0,340.0,0.0,1.0,0.0,0.0,1.0,0.0,39,Mobile App,190,0,25.585384615384612,0.2,0.2,0
841,45,M,Widowed,Low,8,1829.46,228.6825,268.745,404.29,30.82,145.31214714242873,4,0.125,17,344,0.02318840579710145,1,1,2,4,0,1.0,1.0,0.0,1.0,263.0,0.0,0.0,1.0,0.0,0.0,1.0,29,Website,149,1,63.0848275862069,0.125,0.0,0
842,53,M,Divorced,Medium,8,2806.69,350.83625,391.125,421.85,191.11,81.01274431267854,3,0.25,27,323,0.024691358024691357,2,2,0,0,4,1.0,0.0,1.0,0.0,147.0,0.0,1.0,0.0,0.0,1.0,0.0,12,Mobile App,277,0,233.89083333333335,0.125,0.125,0
843,24,F,Married,Low,5,1069.53,213.906,248.84,303.04,104.61,81.37169059322781,4,0.8,28,282,0.0176678445229682,2,1,0,1,1,1.0,0.0,1.0,0.0,4.0,0.0,1.0,0.0,0.0,1.0,0.0,31,Website,327,0,34.50096774193548,0.2,0.2,0
844,37,M,Divorced,Medium,6,1505.23,250.87166666666667,224.665,474.15,30.25,178.09779329533163,4,0.16666666666666666,28,275,0.021739130434782608,1,2,0,2,1,0.0,0.0,0.0,0.0,0.0,0.0,0.0,0.0,0.0,0.0,0.0,20,Mobile App,61,0,75.2615,0.0,0.0,0
845,52,M,Divorced,Medium,8,2238.86,279.8575,300.98,404.14,62.8,116.35655126132163,5,0.375,8,333,0.023952095808383235,2,2,1,2,1,0.0,0.0,0.0,0.0,0.0,0.0,0.0,0.0,0.0,0.0,0.0,35,Online Banking,316,0,63.96742857142858,0.0,0.0,0
846,68,M,Single,Medium,5,1667.48,333.496,331.94,465.26,249.52,89.84006973505753,2,0.4,42,285,0.017482517482517484,0,2,0,3,0,0.0,0.0,0.0,0.0,0.0,0.0,0.0,0.0,0.0,0.0,0.0,41,Mobile App,103,0,40.670243902439026,0.0,0.0,0
847,68,F,Divorced,Medium,6,1672.9299999999998,278.82166666666666,267.045,470.34,67.37,154.2647580514314,5,0.3333333333333333,136,204,0.02926829268292683,1,1,1,1,2,2.0,0.0,1.0,0.0,166.0,157.0,1.0,0.0,1.0,2.0,0.0,28,Online Banking,39,0,59.747499999999995,0.3333333333333333,0.16666666666666666,0
848,56,F,Single,High,2,690.1600000000001,345.08000000000004,345.08000000000004,407.35,282.81,88.06307852897267,2,0.0,54,12,0.15384615384615385,0,0,1,1,0,2.0,1.0,0.0,0.5,117.0,59.0,0.0,1.0,1.0,1.0,1.0,35,Mobile App,362,1,19.718857142857146,1.0,0.0,0
849,38,M,Married,Low,5,830.54,166.108,187.97,269.99,20.62,92.48774632349954,4,0.6,20,127,0.0390625,0,1,1,2,1,2.0,1.0,1.0,0.5,75.0,142.0,1.0,0.0,1.0,1.0,1.0,29,Website,345,0,28.639310344827585,0.4,0.2,0
850,61,F,Single,Medium,1,38.12,38.12,38.12,38.12,38.12,0.0,1,0.0,262,0,1.0,1,0,0,0,0,0.0,0.0,0.0,0.0,0.0,0.0,0.0,0.0,0.0,0.0,0.0,44,Mobile App,133,1,0.8663636363636363,0.0,0.0,0
851,18,M,Married,Medium,2,580.18,290.09,290.09,301.65,278.53,16.348308781032983,1,0.5,16,68,0.028985507246376812,0,0,2,0,0,1.0,0.0,0.0,0.0,51.0,0.0,0.0,0.0,1.0,1.0,0.0,39,Online Banking,336,0,14.876410256410255,0.5,0.0,0
852,54,F,Divorced,Low,4,569.13,142.2825,137.825,213.86,79.62,64.61007267962687,2,0.25,14,310,0.012861736334405145,3,1,0,0,0,1.0,1.0,1.0,1.0,168.0,0.0,1.0,0.0,0.0,0.0,1.0,29,Mobile App,99,0,19.625172413793102,0.25,0.25,0
853,63,M,Single,Medium,3,1178.95,392.98333333333335,415.66,446.06,317.23,67.34215346522068,3,0.6666666666666666,154,160,0.018633540372670808,1,1,0,1,0,1.0,1.0,1.0,1.0,214.0,0.0,1.0,0.0,0.0,0.0,1.0,34,Website,30,0,34.675000000000004,0.3333333333333333,0.3333333333333333,0
854,59,F,Widowed,Medium,1,47.85,47.85,47.85,47.85,47.85,0.0,1,0.0,60,0,1.0,0,0,0,1,0,2.0,1.0,0.0,0.5,31.0,305.0,0.0,0.0,2.0,1.0,1.0,10,Mobile App,172,0,4.785,2.0,0.0,0
855,20,M,Married,Low,8,2656.16,332.02,329.495,425.26,201.95,70.20056837376747,4,0.25,51,312,0.025559105431309903,3,0,2,1,2,2.0,1.0,0.0,0.5,17.0,291.0,0.0,2.0,0.0,1.0,1.0,37,Online Banking,97,0,71.7881081081081,0.25,0.0,0
856,51,M,Divorced,High,3,524.36,174.78666666666666,214.57,278.02,31.77,127.85460818184588,2,0.3333333333333333,90,107,0.027777777777777776,2,0,1,0,0,0.0,0.0,0.0,0.0,0.0,0.0,0.0,0.0,0.0,0.0,0.0,48,Website,227,0,10.924166666666666,0.0,0.0,0
857,30,F,Married,High,1,379.0,379.0,379.0,379.0,379.0,0.0,1,1.0,168,0,1.0,0,0,0,1,0,1.0,0.0,0.0,0.0,211.0,0.0,0.0,1.0,0.0,1.0,0.0,7,Mobile App,174,1,54.142857142857146,1.0,0.0,1
858,33,M,Single,Medium,2,224.33,112.165,112.165,202.77,21.56,128.1348198188143,1,0.5,86,26,0.07407407407407407,0,2,0,0,0,2.0,0.0,1.0,0.0,145.0,16.0,1.0,0.0,1.0,2.0,0.0,9,Website,145,0,24.925555555555558,1.0,0.5,1
859,51,M,Widowed,High,9,2320.9,257.8777777777778,264.05,464.12,39.51,129.92819303155278,4,0.4444444444444444,7,312,0.02875399361022364,1,4,2,0,2,0.0,0.0,0.0,0.0,0.0,0.0,0.0,0.0,0.0,0.0,0.0,16,Website,160,0,145.05625,0.0,0.0,0
860,41,F,Married,High,2,410.36,205.18,205.18,382.2,28.16,250.34408481128528,2,0.0,24,218,0.0091324200913242,1,0,1,0,0,2.0,1.0,0.0,0.5,269.0,47.0,0.0,2.0,0.0,1.0,1.0,21,Mobile App,218,0,19.540952380952383,1.0,0.0,0
861,30,F,Married,Medium,2,258.79,129.395,129.395,165.78,93.01,51.45616046694505,2,0.0,31,224,0.008888888888888889,1,0,1,0,0,1.0,0.0,0.0,0.0,230.0,0.0,0.0,0.0,1.0,1.0,0.0,14,Website,229,0,18.485000000000003,0.5,0.0,0
862,23,M,Married,Medium,6,1581.13,263.5216666666667,285.08000000000004,330.92,189.7,57.59857443259049,4,0.16666666666666666,14,320,0.018691588785046728,1,0,1,2,2,0.0,0.0,0.0,0.0,0.0,0.0,0.0,0.0,0.0,0.0,0.0,2,Online Banking,299,0,790.565,0.0,0.0,1
863,56,M,Divorced,High,7,1031.04,147.29142857142855,141.51,360.91,10.28,126.2463899719607,5,0.7142857142857143,34,329,0.021212121212121213,1,2,1,1,2,2.0,1.0,0.0,0.5,184.0,70.0,0.0,0.0,2.0,1.0,1.0,26,Online Banking,78,0,39.65538461538461,0.2857142857142857,0.0,0
864,19,M,Widowed,Medium,7,1537.15,219.59285714285716,188.73,427.48,41.2,140.10641761583537,5,0.42857142857142855,10,335,0.020833333333333332,2,1,2,1,1,0.0,0.0,0.0,0.0,0.0,0.0,0.0,0.0,0.0,0.0,0.0,34,Website,286,0,45.21029411764706,0.0,0.0,0
865,28,F,Widowed,Medium,9,2739.69,304.41,280.38,488.9,153.05,116.69302539140891,4,0.2222222222222222,110,242,0.037037037037037035,2,4,0,1,2,1.0,1.0,0.0,1.0,70.0,0.0,0.0,0.0,1.0,0.0,1.0,47,Mobile App,204,0,58.291276595744684,0.1111111111111111,0.0,0
866,24,F,Widowed,High,2,440.09000000000003,220.04500000000002,220.04500000000002,322.66,117.43,145.11952470291516,1,0.5,167,16,0.11764705882352941,0,0,0,0,2,0.0,0.0,0.0,0.0,0.0,0.0,0.0,0.0,0.0,0.0,0.0,49,Website,5,0,8.981428571428571,0.0,0.0,0
867,24,M,Married,Low,6,985.19,164.19833333333335,114.965,497.4,21.62,178.76774534760645,3,0.16666666666666666,21,340,0.017595307917888565,3,0,0,1,2,0.0,0.0,0.0,0.0,0.0,0.0,0.0,0.0,0.0,0.0,0.0,18,Website,11,0,54.732777777777784,0.0,0.0,0
868,56,M,Married,High,6,1858.01,309.66833333333335,342.27,385.35,139.2,93.3288659347507,4,0.3333333333333333,61,283,0.02112676056338028,3,1,1,1,0,0.0,0.0,0.0,0.0,0.0,0.0,0.0,0.0,0.0,0.0,0.0,12,Website,162,0,154.83416666666668,0.0,0.0,0
869,56,M,Married,High,7,1708.06,244.00857142857143,197.63,477.36,30.29,191.67498232064364,4,0.2857142857142857,78,250,0.027888446215139442,1,0,1,1,4,2.0,1.0,1.0,0.5,142.0,62.0,1.0,1.0,0.0,1.0,1.0,19,Online Banking,16,1,89.8978947368421,0.2857142857142857,0.14285714285714285,0
870,29,M,Married,High,1,358.81,358.81,358.81,358.81,358.81,0.0,1,0.0,326,0,1.0,0,0,0,1,0,1.0,1.0,0.0,1.0,31.0,0.0,0.0,0.0,1.0,0.0,1.0,36,Website,347,0,9.966944444444444,1.0,0.0,0
871,68,F,Single,Medium,4,1268.83,317.2075,395.68,435.69,41.78,185.1842976379657,3,0.5,69,295,0.013513513513513514,1,2,0,0,1,2.0,1.0,1.0,0.5,167.0,117.0,1.0,0.0,1.0,1.0,1.0,38,Online Banking,106,0,33.390263157894736,0.5,0.25,0
872,39,M,Single,High,8,2710.07,338.75875,362.64,468.54,161.04,104.02635441319667,3,0.125,21,331,0.024096385542168676,2,0,4,0,2,0.0,0.0,0.0,0.0,0.0,0.0,0.0,0.0,0.0,0.0,0.0,16,Website,245,0,169.379375,0.0,0.0,0
873,68,M,Divorced,Medium,3,868.72,289.5733333333333,303.76,410.81,154.15,128.91677560865898,3,0.6666666666666666,42,236,0.012658227848101266,0,1,0,1,1,0.0,0.0,0.0,0.0,0.0,0.0,0.0,0.0,0.0,0.0,0.0,46,Website,72,0,18.885217391304348,0.0,0.0,0
874,68,F,Married,Low,1,488.21,488.21,488.21,488.21,488.21,0.0,1,0.0,117,0,1.0,0,0,1,0,0,2.0,0.0,0.0,0.0,89.0,123.0,0.0,1.0,1.0,2.0,0.0,8,Mobile App,2,0,61.02625,2.0,0.0,1
875,69,F,Divorced,High,8,2066.71,258.33875,236.16500000000002,443.99,81.49,154.81179453383297,4,0.125,11,157,0.05063291139240506,2,3,1,2,0,0.0,0.0,0.0,0.0,0.0,0.0,0.0,0.0,0.0,0.0,0.0,9,Website,29,0,229.63444444444445,0.0,0.0,1
876,20,F,Widowed,Low,8,1940.62,242.5775,215.825,469.02,62.47,149.2623660108028,5,0.0,3,356,0.022408963585434174,1,1,1,2,3,1.0,0.0,0.0,0.0,83.0,0.0,0.0,0.0,1.0,1.0,0.0,4,Online Banking,102,0,485.155,0.125,0.0,1
877,30,F,Married,High,7,2189.5499999999997,312.7928571428571,323.27,449.78,133.48,121.36767426766838,3,0.2857142857142857,30,311,0.022435897435897436,1,0,3,0,3,0.0,0.0,0.0,0.0,0.0,0.0,0.0,0.0,0.0,0.0,0.0,36,Website,214,0,60.820833333333326,0.0,0.0,0
878,47,M,Single,Medium,8,2181.62,272.7025,273.4,467.13,73.24,145.85277574615142,5,0.25,83,272,0.029304029304029304,1,2,2,1,2,0.0,0.0,0.0,0.0,0.0,0.0,0.0,0.0,0.0,0.0,0.0,47,Website,148,0,46.41744680851063,0.0,0.0,0
879,27,M,Married,Low,1,328.09,328.09,328.09,328.09,328.09,0.0,1,0.0,18,0,1.0,0,0,1,0,0,1.0,0.0,0.0,0.0,106.0,0.0,0.0,1.0,0.0,1.0,0.0,38,Online Banking,173,0,8.633947368421053,1.0,0.0,0
880,69,F,Widowed,High,7,1311.23,187.31857142857143,73.21,459.44,35.99,188.76963619083193,4,0.42857142857142855,93,257,0.027131782945736434,0,1,2,2,2,2.0,0.0,0.0,0.0,177.0,31.0,0.0,2.0,0.0,2.0,0.0,49,Online Banking,51,0,26.75979591836735,0.2857142857142857,0.0,0
881,26,F,Divorced,Low,1,189.28,189.28,189.28,189.28,189.28,0.0,1,0.0,106,0,1.0,1,0,0,0,0,2.0,1.0,1.0,0.5,91.0,173.0,1.0,0.0,1.0,1.0,1.0,49,Website,274,0,3.862857142857143,2.0,1.0,0
882,23,M,Married,Medium,3,745.26,248.42,252.53,466.64,26.09,220.30375552858828,2,0.6666666666666666,49,315,0.00949367088607595,1,2,0,0,0,0.0,0.0,0.0,0.0,0.0,0.0,0.0,0.0,0.0,0.0,0.0,45,Website,112,0,16.561333333333334,0.0,0.0,0
883,61,M,Single,Medium,7,776.71,110.95857142857143,44.91,355.43,11.93,131.01286125524362,5,0.0,71,224,0.03111111111111111,1,1,2,1,2,2.0,2.0,1.0,1.0,241.0,98.0,1.0,0.0,1.0,0.0,2.0,4,Website,77,0,194.1775,0.2857142857142857,0.14285714285714285,1
884,19,M,Widowed,High,9,2069.03,229.89222222222224,210.63,487.57,12.26,166.96184068356592,5,0.1111111111111111,25,286,0.0313588850174216,1,3,1,3,1,1.0,1.0,0.0,1.0,181.0,0.0,0.0,1.0,0.0,0.0,1.0,8,Online Banking,87,0,258.62875,0.1111111111111111,0.0,1
885,61,F,Widowed,High,9,2431.0299999999997,270.1144444444444,237.48,444.1,75.18,115.21575251578135,4,0.2222222222222222,63,284,0.031578947368421054,2,1,4,2,0,2.0,1.0,0.0,0.5,87.0,193.0,0.0,2.0,0.0,1.0,1.0,43,Mobile App,356,0,56.53558139534883,0.2222222222222222,0.0,0
886,33,F,Divorced,Low,7,2197.83,313.9757142857143,304.34,483.62,18.31,175.44693954366403,3,0.14285714285714285,52,288,0.02422145328719723,3,0,2,2,0,1.0,0.0,1.0,0.0,266.0,0.0,1.0,0.0,0.0,1.0,0.0,7,Mobile App,132,0,313.9757142857143,0.14285714285714285,0.14285714285714285,1
887,30,F,Married,Medium,4,812.28,203.07,208.62,320.69,74.35,101.06001352331857,2,0.75,147,140,0.028368794326241134,3,1,0,0,0,2.0,1.0,1.0,0.5,240.0,97.0,1.0,1.0,0.0,1.0,1.0,3,Website,295,0,270.76,0.5,0.25,1
888,65,M,Single,Medium,3,436.94,145.64666666666668,108.97,238.32,89.65,80.83672205955244,3,0.0,40,319,0.009375,0,1,0,1,1,1.0,1.0,0.0,1.0,334.0,0.0,0.0,0.0,1.0,0.0,1.0,1,Online Banking,118,0,436.94,0.3333333333333333,0.0,1
889,30,M,Married,High,4,306.88,76.72,65.41,131.39,44.67,37.736315842081524,2,0.25,58,291,0.0136986301369863,2,0,0,0,2,0.0,0.0,0.0,0.0,0.0,0.0,0.0,0.0,0.0,0.0,0.0,4,Mobile App,339,0,76.72,0.0,0.0,1
890,39,M,Single,Medium,2,369.47,184.735,184.735,242.8,126.67,82.11631049919376,2,0.0,173,131,0.015151515151515152,1,0,0,0,1,2.0,0.0,0.0,0.0,8.0,76.0,0.0,1.0,1.0,2.0,0.0,1,Mobile App,305,0,369.47,1.0,0.0,1
891,36,F,Divorced,Medium,5,1602.17,320.434,384.86,457.88,160.09,137.76158383235872,3,0.2,4,343,0.014534883720930232,0,2,0,1,2,2.0,2.0,0.0,1.0,22.0,193.0,0.0,1.0,1.0,0.0,2.0,46,Website,291,0,34.82978260869565,0.4,0.0,0
892,43,F,Widowed,Medium,1,183.21,183.21,183.21,183.21,183.21,0.0,1,0.0,88,0,1.0,0,0,0,0,1,1.0,1.0,0.0,1.0,250.0,0.0,0.0,1.0,0.0,0.0,1.0,42,Mobile App,349,0,4.3621428571428575,1.0,0.0,0
893,31,M,Divorced,Low,9,3026.91,336.3233333333333,319.48,492.31,169.98,134.20918550904034,4,0.3333333333333333,94,261,0.03435114503816794,4,0,3,1,1,2.0,1.0,1.0,0.5,82.0,110.0,1.0,0.0,1.0,1.0,1.0,38,Mobile App,78,0,79.65552631578947,0.2222222222222222,0.1111111111111111,0
894,48,M,Widowed,Low,3,983.26,327.75333333333333,400.2,493.07,89.99,211.07998776135395,2,0.3333333333333333,53,211,0.014150943396226415,2,1,0,0,0,2.0,1.0,0.0,0.5,188.0,145.0,0.0,2.0,0.0,1.0,1.0,37,Mobile App,132,0,26.574594594594593,0.6666666666666666,0.0,0
895,46,F,Married,Low,7,1649.0800000000002,235.58285714285716,179.09,463.1,42.27,185.70905557836844,5,0.5714285714285714,91,268,0.026022304832713755,2,1,1,1,2,0.0,0.0,0.0,0.0,0.0,0.0,0.0,0.0,0.0,0.0,0.0,12,Mobile App,96,0,137.42333333333335,0.0,0.0,0
896,62,F,Widowed,Medium,8,1403.03,175.37875,150.085,391.16,27.47,132.00081714438633,4,0.125,73,291,0.0273972602739726,1,3,1,3,0,1.0,0.0,0.0,0.0,79.0,0.0,0.0,1.0,0.0,1.0,0.0,42,Online Banking,39,0,33.40547619047619,0.125,0.0,0
897,59,F,Single,High,8,2125.28,265.66,294.925,467.83,5.76,164.04916867469078,5,0.375,72,277,0.02877697841726619,3,1,1,2,1,2.0,2.0,1.0,1.0,13.0,73.0,1.0,0.0,1.0,0.0,2.0,10,Mobile App,132,0,212.52800000000002,0.25,0.125,0
898,39,M,Divorced,High,9,2794.0,310.44444444444446,364.04,498.87,8.17,149.11866466937587,4,0.4444444444444444,70,292,0.030716723549488054,1,3,0,2,3,1.0,1.0,0.0,1.0,127.0,0.0,0.0,1.0,0.0,0.0,1.0,47,Online Banking,356,0,59.4468085106383,0.1111111111111111,0.0,0
899,24,M,Widowed,High,1,38.78,38.78,38.78,38.78,38.78,0.0,1,1.0,154,0,1.0,0,0,0,1,0,1.0,1.0,0.0,1.0,178.0,0.0,0.0,1.0,0.0,0.0,1.0,1,Website,15,1,38.78,1.0,0.0,1
900,54,F,Widowed,Low,3,353.54,117.84666666666668,120.51,218.87,14.16,102.3809847253548,2,0.3333333333333333,5,240,0.012448132780082987,1,2,0,0,0,1.0,0.0,0.0,0.0,93.0,0.0,0.0,0.0,1.0,1.0,0.0,2,Online Banking,283,0,176.77,0.3333333333333333,0.0,1
901,66,M,Married,Medium,2,517.94,258.97,258.97,336.36,181.58,109.44598759205384,2,0.5,166,128,0.015503875968992248,0,0,1,0,1,0.0,0.0,0.0,0.0,0.0,0.0,0.0,0.0,0.0,0.0,0.0,12,Website,351,0,43.16166666666667,0.0,0.0,0
902,58,F,Married,Low,7,1040.2,148.6,82.46,405.51,7.49,143.64967107515423,4,0.2857142857142857,20,263,0.026515151515151516,2,0,2,2,1,2.0,1.0,0.0,0.5,106.0,223.0,0.0,2.0,0.0,1.0,1.0,39,Online Banking,105,0,26.671794871794873,0.2857142857142857,0.0,0
903,44,M,Married,Low,4,762.78,190.695,186.20499999999998,382.45,7.92,204.29246135544665,3,0.25,156,108,0.03669724770642202,2,0,0,1,1,1.0,0.0,1.0,0.0,150.0,0.0,1.0,0.0,0.0,1.0,0.0,48,Mobile App,192,1,15.89125,0.25,0.25,0
904,48,M,Single,High,7,1684.39,240.62714285714287,151.53,462.82,24.01,184.2237870737911,3,0.42857142857142855,16,327,0.021341463414634148,2,3,2,0,0,1.0,0.0,1.0,0.0,211.0,0.0,1.0,0.0,0.0,1.0,0.0,36,Mobile App,37,0,46.788611111111116,0.14285714285714285,0.14285714285714285,0
905,23,M,Married,High,8,1222.55,152.81875,142.435,326.58,25.85,104.97014370592649,5,0.5,66,262,0.030418250950570342,2,1,1,2,2,1.0,1.0,0.0,1.0,196.0,0.0,0.0,0.0,1.0,0.0,1.0,7,Online Banking,34,0,174.65,0.125,0.0,1
906,33,F,Widowed,Medium,5,1235.8,247.16,294.45,398.57,12.21,159.62117528699002,4,0.2,2,172,0.028901734104046242,1,2,1,0,1,0.0,0.0,0.0,0.0,0.0,0.0,0.0,0.0,0.0,0.0,0.0,38,Website,272,1,32.52105263157895,0.0,0.0,0
907,55,M,Single,Low,1,54.82,54.82,54.82,54.82,54.82,0.0,1,1.0,77,0,1.0,1,0,0,0,0,0.0,0.0,0.0,0.0,0.0,0.0,0.0,0.0,0.0,0.0,0.0,25,Website,207,0,2.1928,0.0,0.0,0
908,55,F,Married,Medium,9,1865.09,207.23222222222222,218.95,444.92,23.7,153.12551296059206,4,0.1111111111111111,36,305,0.029411764705882353,2,0,4,1,2,2.0,1.0,1.0,0.5,193.0,25.0,1.0,0.0,1.0,1.0,1.0,3,Website,25,0,621.6966666666666,0.2222222222222222,0.1111111111111111,1
909,67,M,Widowed,Low,3,718.24,239.41333333333333,194.26,455.63,68.35,197.5488983349017,2,0.6666666666666666,79,131,0.022727272727272728,1,0,2,0,0,0.0,0.0,0.0,0.0,0.0,0.0,0.0,0.0,0.0,0.0,0.0,27,Online Banking,332,0,26.601481481481482,0.0,0.0,0
910,49,F,Single,Medium,4,797.14,199.285,207.55,328.02,54.02,114.17778782816441,3,0.25,46,288,0.01384083044982699,2,0,0,1,1,0.0,0.0,0.0,0.0,0.0,0.0,0.0,0.0,0.0,0.0,0.0,24,Online Banking,137,0,33.214166666666664,0.0,0.0,0
911,50,F,Widowed,Low,3,1058.9,352.9666666666667,409.54,418.91,230.45,106.20592936994308,2,0.3333333333333333,143,107,0.027777777777777776,1,0,0,0,2,0.0,0.0,0.0,0.0,0.0,0.0,0.0,0.0,0.0,0.0,0.0,27,Mobile App,307,0,39.21851851851852,0.0,0.0,0
912,66,F,Married,Medium,9,1915.01,212.7788888888889,208.89,453.12,12.23,170.8463539590796,5,0.0,18,284,0.031578947368421054,1,1,3,2,2,1.0,1.0,1.0,1.0,49.0,0.0,1.0,0.0,0.0,0.0,1.0,6,Mobile App,154,0,319.16833333333335,0.1111111111111111,0.1111111111111111,1
913,34,F,Married,Low,1,267.44,267.44,267.44,267.44,267.44,0.0,1,0.0,207,0,1.0,0,0,1,0,0,2.0,0.0,0.0,0.0,71.0,57.0,0.0,1.0,1.0,2.0,0.0,25,Mobile App,105,0,10.6976,2.0,0.0,0
914,50,F,Single,Low,7,1722.8,246.1142857142857,265.23,468.49,100.22,141.64208259519754,4,0.0,23,307,0.022727272727272728,2,0,2,2,1,2.0,1.0,1.0,0.5,174.0,129.0,1.0,1.0,0.0,1.0,1.0,43,Website,153,0,40.06511627906977,0.2857142857142857,0.14285714285714285,0
915,28,M,Divorced,High,7,1786.6,255.22857142857143,229.52,371.81,159.21,96.87025866738313,4,0.14285714285714285,16,332,0.021021021021021023,2,1,2,0,2,0.0,0.0,0.0,0.0,0.0,0.0,0.0,0.0,0.0,0.0,0.0,31,Online Banking,192,0,57.63225806451613,0.0,0.0,0
916,30,M,Widowed,Low,6,1176.86,196.14333333333332,188.97500000000002,375.25,60.22,117.54230534861338,4,0.16666666666666666,31,239,0.025,2,0,2,1,1,0.0,0.0,0.0,0.0,0.0,0.0,0.0,0.0,0.0,0.0,0.0,44,Mobile App,122,0,26.74681818181818,0.0,0.0,0
917,47,F,Widowed,High,8,1799.3600000000001,224.92000000000002,245.875,383.17,32.44,123.27066016349087,3,0.375,24,308,0.025889967637540454,3,0,0,3,2,1.0,0.0,0.0,0.0,196.0,0.0,0.0,1.0,0.0,1.0,0.0,9,Mobile App,235,0,199.9288888888889,0.125,0.0,1
918,18,F,Divorced,Medium,4,1140.8200000000002,285.20500000000004,332.635,385.64,89.91,132.59582509767543,4,0.5,20,313,0.012738853503184714,0,1,1,1,1,0.0,0.0,0.0,0.0,0.0,0.0,0.0,0.0,0.0,0.0,0.0,39,Mobile App,81,1,29.251794871794875,0.0,0.0,0
919,47,F,Divorced,High,7,1547.47,221.06714285714287,137.53,476.92,8.16,189.295435031618,4,0.42857142857142855,56,176,0.03954802259887006,2,1,2,2,0,0.0,0.0,0.0,0.0,0.0,0.0,0.0,0.0,0.0,0.0,0.0,29,Website,17,1,53.36103448275862,0.0,0.0,0
920,44,M,Widowed,Low,9,2059.02,228.78,262.28,495.06,22.92,157.80543217836325,4,0.3333333333333333,85,260,0.034482758620689655,0,1,3,2,3,1.0,1.0,0.0,1.0,327.0,0.0,0.0,1.0,0.0,0.0,1.0,14,Mobile App,84,0,147.07285714285715,0.1111111111111111,0.0,0
921,57,F,Single,High,6,1778.2,296.3666666666667,313.725,419.53,102.64,114.129916440286,4,0.16666666666666666,11,195,0.030612244897959183,0,1,1,2,2,1.0,1.0,0.0,1.0,163.0,0.0,0.0,0.0,1.0,0.0,1.0,36,Online Banking,56,0,49.394444444444446,0.16666666666666666,0.0,0
922,40,M,Divorced,High,3,1135.0,378.3333333333333,374.5,426.66,333.84,46.528581896865674,3,0.6666666666666666,76,208,0.014354066985645933,0,1,0,1,1,1.0,1.0,1.0,1.0,181.0,0.0,1.0,0.0,0.0,0.0,1.0,29,Website,143,0,39.13793103448276,0.3333333333333333,0.3333333333333333,0
923,37,F,Married,Medium,9,2462.85,273.65,197.32,488.03,109.47,137.31693695607981,4,0.6666666666666666,62,301,0.029801324503311258,2,4,0,2,1,2.0,2.0,0.0,1.0,20.0,338.0,0.0,1.0,1.0,0.0,2.0,43,Website,324,0,57.27558139534884,0.2222222222222222,0.0,0
924,23,M,Single,High,2,760.13,380.065,380.065,490.64,269.49,156.37666465940495,2,0.0,184,126,0.015748031496062992,0,1,0,1,0,1.0,1.0,0.0,1.0,89.0,0.0,0.0,0.0,1.0,0.0,1.0,41,Website,281,1,18.539756097560975,0.5,0.0,0
925,54,F,Divorced,Medium,5,1930.4099999999999,386.082,419.85,475.59,179.72,120.29331099441896,4,0.4,56,134,0.037037037037037035,0,2,1,1,1,0.0,0.0,0.0,0.0,0.0,0.0,0.0,0.0,0.0,0.0,0.0,38,Mobile App,345,1,50.80026315789473,0.0,0.0,0
926,37,M,Married,Medium,1,157.62,157.62,157.62,157.62,157.62,0.0,1,1.0,90,0,1.0,0,0,0,0,1,0.0,0.0,0.0,0.0,0.0,0.0,0.0,0.0,0.0,0.0,0.0,22,Online Banking,242,1,7.164545454545455,0.0,0.0,0
927,54,M,Married,High,5,1462.34,292.46799999999996,399.53,493.07,8.29,227.20654066289555,4,0.0,78,242,0.0205761316872428,1,1,2,0,1,0.0,0.0,0.0,0.0,0.0,0.0,0.0,0.0,0.0,0.0,0.0,12,Mobile App,208,1,121.86166666666666,0.0,0.0,0
928,23,F,Widowed,Low,8,2584.66,323.0825,323.975,450.33,186.24,95.69751657473368,4,0.125,89,249,0.032,2,2,3,0,1,2.0,1.0,0.0,0.5,25.0,200.0,0.0,1.0,1.0,1.0,1.0,40,Website,224,0,64.6165,0.25,0.0,0
929,46,F,Single,Medium,1,358.27,358.27,358.27,358.27,358.27,0.0,1,0.0,163,0,1.0,0,0,0,0,1,0.0,0.0,0.0,0.0,0.0,0.0,0.0,0.0,0.0,0.0,0.0,49,Online Banking,318,0,7.311632653061224,0.0,0.0,0
930,30,F,Divorced,High,2,809.61,404.805,404.805,443.63,365.98,54.9068415591354,1,0.0,207,98,0.020202020202020204,0,0,0,0,2,0.0,0.0,0.0,0.0,0.0,0.0,0.0,0.0,0.0,0.0,0.0,26,Website,143,0,31.138846153846153,0.0,0.0,0
931,44,F,Married,Medium,5,1985.28,397.056,453.4,481.74,218.68,107.86233578038257,3,0.4,18,314,0.015873015873015872,1,3,0,0,1,1.0,1.0,0.0,1.0,168.0,0.0,0.0,0.0,1.0,0.0,1.0,46,Mobile App,296,0,43.15826086956522,0.2,0.0,0
932,67,M,Widowed,High,1,350.46,350.46,350.46,350.46,350.46,0.0,1,0.0,323,0,1.0,0,0,1,0,0,1.0,0.0,0.0,0.0,209.0,0.0,0.0,0.0,1.0,1.0,0.0,28,Online Banking,209,0,12.516428571428571,1.0,0.0,0
933,37,M,Divorced,High,1,74.06,74.06,74.06,74.06,74.06,0.0,1,0.0,122,0,1.0,0,0,0,1,0,2.0,1.0,1.0,0.5,242.0,40.0,1.0,1.0,0.0,1.0,1.0,21,Website,246,0,3.526666666666667,2.0,1.0,0
934,30,M,Married,Low,1,282.29,282.29,282.29,282.29,282.29,0.0,1,0.0,334,0,1.0,0,0,0,1,0,1.0,0.0,0.0,0.0,309.0,0.0,0.0,1.0,0.0,1.0,0.0,27,Mobile App,47,0,10.455185185185186,1.0,0.0,0
935,56,M,Widowed,High,4,939.39,234.8475,236.77500000000003,405.13,60.71,142.18285793887625,3,0.5,203,83,0.047619047619047616,1,0,0,2,1,2.0,0.0,0.0,0.0,264.0,18.0,0.0,2.0,0.0,2.0,0.0,33,Website,64,1,28.466363636363635,0.5,0.0,0
936,25,M,Married,Medium,9,2591.57,287.95222222222225,352.71,491.72,14.83,175.21056523350538,5,0.4444444444444444,2,274,0.03272727272727273,1,3,2,1,2,0.0,0.0,0.0,0.0,0.0,0.0,0.0,0.0,0.0,0.0,0.0,29,Mobile App,156,0,89.3644827586207,0.0,0.0,0
937,34,M,Widowed,Medium,7,1842.6599999999999,263.2371428571428,307.35,396.13,96.92,127.5128551315887,4,0.2857142857142857,80,183,0.03804347826086957,2,1,1,0,3,2.0,1.0,1.0,0.5,87.0,160.0,1.0,1.0,0.0,1.0,1.0,24,Mobile App,276,1,76.77749999999999,0.2857142857142857,0.14285714285714285,0
938,47,F,Widowed,Low,3,695.9300000000001,231.9766666666667,284.08,328.74,83.11,130.8418596372481,3,0.0,150,174,0.017142857142857144,1,0,1,1,0,1.0,1.0,0.0,1.0,43.0,0.0,0.0,0.0,1.0,0.0,1.0,32,Website,195,0,21.747812500000002,0.3333333333333333,0.0,0
939,18,M,Single,Medium,1,394.48,394.48,394.48,394.48,394.48,0.0,1,0.0,179,0,1.0,0,0,0,1,0,0.0,0.0,0.0,0.0,0.0,0.0,0.0,0.0,0.0,0.0,0.0,6,Website,39,0,65.74666666666667,0.0,0.0,1
940,41,M,Divorced,Low,7,1536.43,219.49,196.28,352.79,101.54,99.62050993645838,5,0.14285714285714285,55,296,0.02356902356902357,3,1,1,1,1,2.0,1.0,2.0,0.5,112.0,195.0,2.0,0.0,0.0,1.0,1.0,27,Mobile App,271,0,56.90481481481482,0.2857142857142857,0.2857142857142857,0
941,33,M,Widowed,High,6,1440.83,240.13833333333332,207.2,430.46,97.12,142.43643542530353,3,0.5,7,313,0.01910828025477707,1,3,0,2,0,0.0,0.0,0.0,0.0,0.0,0.0,0.0,0.0,0.0,0.0,0.0,16,Website,100,0,90.051875,0.0,0.0,0
942,28,F,Married,High,7,1539.42,219.91714285714286,198.46,400.83,69.29,134.86223139612832,5,0.2857142857142857,40,305,0.02287581699346405,2,1,1,2,1,0.0,0.0,0.0,0.0,0.0,0.0,0.0,0.0,0.0,0.0,0.0,36,Online Banking,201,0,42.76166666666667,0.0,0.0,0
943,21,M,Divorced,High,2,398.92,199.46,199.46,282.86,116.06,117.94541110191614,2,0.0,151,179,0.011111111111111112,0,0,0,1,1,1.0,0.0,0.0,0.0,78.0,0.0,0.0,0.0,1.0,1.0,0.0,47,Website,287,0,8.487659574468086,0.5,0.0,0
944,21,F,Divorced,Low,5,1280.1000000000001,256.02000000000004,337.76,460.41,20.16,210.48299919470932,3,0.2,107,214,0.023255813953488372,3,0,0,1,1,2.0,1.0,2.0,0.5,95.0,234.0,2.0,0.0,0.0,1.0,1.0,30,Website,210,0,42.67,0.4,0.4,0
945,34,M,Divorced,Medium,5,541.1999999999999,108.23999999999998,61.38,281.28,21.73,106.21746207662841,4,0.4,117,219,0.022727272727272728,1,1,2,1,0,0.0,0.0,0.0,0.0,0.0,0.0,0.0,0.0,0.0,0.0,0.0,15,Website,164,0,36.08,0.0,0.0,0
946,66,M,Single,Medium,3,451.82,150.60666666666665,145.36,274.57,31.89,121.42504368264947,3,0.0,60,200,0.014925373134328358,1,1,0,0,1,0.0,0.0,0.0,0.0,0.0,0.0,0.0,0.0,0.0,0.0,0.0,8,Mobile App,48,0,56.4775,0.0,0.0,1
947,27,F,Widowed,High,3,589.06,196.35333333333332,227.91,245.27,115.88,70.23040960533645,3,0.0,109,162,0.018404907975460124,0,1,0,1,1,1.0,1.0,0.0,1.0,335.0,0.0,0.0,1.0,0.0,0.0,1.0,31,Website,239,1,19.001935483870966,0.3333333333333333,0.0,0
948,38,M,Widowed,Medium,5,1416.12,283.224,268.23,426.49,185.53,93.50707663059518,4,0.2,84,222,0.02242152466367713,1,0,2,1,1,0.0,0.0,0.0,0.0,0.0,0.0,0.0,0.0,0.0,0.0,0.0,9,Mobile App,322,1,157.34666666666666,0.0,0.0,1
949,55,M,Widowed,Low,4,956.3,239.075,236.22,452.93,30.93,180.8396824999056,3,0.75,97,189,0.021052631578947368,2,1,1,0,0,0.0,0.0,0.0,0.0,0.0,0.0,0.0,0.0,0.0,0.0,0.0,42,Online Banking,202,0,22.76904761904762,0.0,0.0,0
950,66,F,Widowed,Low,4,1085.17,271.2925,267.505,357.99,192.17,81.0200116740714,2,0.25,30,204,0.01951219512195122,0,0,2,2,0,0.0,0.0,0.0,0.0,0.0,0.0,0.0,0.0,0.0,0.0,0.0,21,Online Banking,253,0,51.67476190476191,0.0,0.0,0
951,35,F,Married,Low,7,1494.92,213.56,242.28,462.43,28.63,147.04267747834302,4,0.5714285714285714,69,288,0.02422145328719723,1,1,3,2,0,2.0,1.0,1.0,0.5,192.0,33.0,1.0,1.0,0.0,1.0,1.0,39,Online Banking,53,0,38.33128205128205,0.2857142857142857,0.14285714285714285,0
952,27,M,Widowed,Low,1,344.33,344.33,344.33,344.33,344.33,0.0,1,0.0,340,0,1.0,0,1,0,0,0,1.0,1.0,0.0,1.0,87.0,0.0,0.0,0.0,1.0,0.0,1.0,39,Website,286,0,8.828974358974358,1.0,0.0,0
953,62,M,Divorced,Medium,9,2580.58,286.7311111111111,269.05,474.14,100.2,154.59610428827472,5,0.1111111111111111,9,345,0.02601156069364162,1,1,3,1,3,2.0,1.0,1.0,0.5,70.0,231.0,1.0,1.0,0.0,1.0,1.0,43,Website,71,0,60.01348837209302,0.2222222222222222,0.1111111111111111,0
954,33,F,Widowed,Low,6,2009.3200000000002,334.8866666666667,372.665,471.49,68.75,140.64170600027103,4,0.3333333333333333,55,176,0.03389830508474576,2,2,1,0,1,0.0,0.0,0.0,0.0,0.0,0.0,0.0,0.0,0.0,0.0,0.0,20,Online Banking,164,0,100.46600000000001,0.0,0.0,0
955,56,F,Widowed,Medium,6,1453.74,242.29,184.64,482.49,53.78,174.49660478072346,4,0.16666666666666666,16,346,0.01729106628242075,0,1,3,1,1,2.0,1.0,1.0,0.5,7.0,171.0,1.0,0.0,1.0,1.0,1.0,26,Website,23,0,55.91307692307692,0.3333333333333333,0.16666666666666666,0
956,32,F,Widowed,High,3,858.04,286.0133333333333,334.98,415.89,107.17,160.07907556371424,3,0.6666666666666666,122,151,0.019736842105263157,0,1,1,1,0,0.0,0.0,0.0,0.0,0.0,0.0,0.0,0.0,0.0,0.0,0.0,38,Online Banking,72,0,22.58,0.0,0.0,0
957,51,F,Widowed,Medium,1,32.8,32.8,32.8,32.8,32.8,0.0,1,0.0,198,0,1.0,0,0,0,0,1,0.0,0.0,0.0,0.0,0.0,0.0,0.0,0.0,0.0,0.0,0.0,43,Mobile App,213,0,0.7627906976744185,0.0,0.0,0
958,22,M,Single,Low,5,972.8,194.56,192.76,384.87,9.68,162.75706605244517,4,0.4,76,272,0.018315018315018316,1,2,1,1,0,1.0,1.0,1.0,1.0,266.0,0.0,1.0,0.0,0.0,0.0,1.0,14,Online Banking,224,0,69.48571428571428,0.2,0.2,0
959,34,M,Divorced,Medium,1,285.35,285.35,285.35,285.35,285.35,0.0,1,1.0,203,0,1.0,0,0,0,0,1,0.0,0.0,0.0,0.0,0.0,0.0,0.0,0.0,0.0,0.0,0.0,48,Online Banking,44,0,5.944791666666667,0.0,0.0,0
960,54,F,Single,High,6,1553.52,258.92,247.0,478.77,11.43,152.90713979405933,3,0.3333333333333333,73,240,0.024896265560165973,2,1,0,0,3,2.0,2.0,0.0,1.0,195.0,47.0,0.0,2.0,0.0,0.0,2.0,41,Online Banking,324,0,37.89073170731707,0.3333333333333333,0.0,0
961,25,M,Divorced,High,3,964.3299999999999,321.4433333333333,371.78,442.53,150.02,152.61343333184445,2,0.3333333333333333,4,79,0.0375,0,2,0,1,0,2.0,1.0,0.0,0.5,20.0,69.0,0.0,1.0,1.0,1.0,1.0,21,Mobile App,244,0,45.92047619047619,0.6666666666666666,0.0,0
962,41,F,Widowed,High,4,1021.08,255.27,255.98,479.92,29.2,257.1315340443486,3,0.5,42,293,0.013605442176870748,0,2,0,1,1,2.0,2.0,0.0,1.0,200.0,121.0,0.0,2.0,0.0,0.0,2.0,19,Online Banking,271,1,53.74105263157895,0.5,0.0,0
963,45,F,Widowed,Medium,3,660.3299999999999,220.10999999999999,214.07,255.63,190.63,32.9182502572661,2,0.0,4,333,0.008982035928143712,1,0,2,0,0,2.0,0.0,0.0,0.0,41.0,158.0,0.0,0.0,2.0,2.0,0.0,14,Online Banking,105,0,47.16642857142857,0.6666666666666666,0.0,0
964,64,M,Divorced,Low,9,2348.82,260.98,239.54,493.11,54.1,152.91206696987652,4,0.3333333333333333,16,269,0.03333333333333333,5,1,2,1,0,2.0,1.0,0.0,0.5,59.0,132.0,0.0,1.0,1.0,1.0,1.0,9,Online Banking,293,0,260.98,0.2222222222222222,0.0,1
965,25,F,Divorced,Low,1,213.98,213.98,213.98,213.98,213.98,0.0,1,0.0,67,0,1.0,0,0,1,0,0,1.0,1.0,1.0,1.0,227.0,0.0,1.0,0.0,0.0,0.0,1.0,42,Mobile App,173,1,5.094761904761905,1.0,1.0,0
966,40,F,Single,Medium,7,2097.75,299.67857142857144,309.02,444.27,170.62,108.1471216181259,3,0.14285714285714285,32,322,0.021671826625386997,0,2,1,0,4,0.0,0.0,0.0,0.0,0.0,0.0,0.0,0.0,0.0,0.0,0.0,4,Mobile App,229,1,524.4375,0.0,0.0,1
967,52,M,Single,Low,1,230.71,230.71,230.71,230.71,230.71,0.0,1,1.0,160,0,1.0,1,0,0,0,0,0.0,0.0,0.0,0.0,0.0,0.0,0.0,0.0,0.0,0.0,0.0,23,Online Banking,247,0,10.030869565217392,0.0,0.0,0
968,48,M,Married,Low,2,344.12,172.06,172.06,301.56,42.56,183.1406563273158,2,0.5,230,83,0.023809523809523808,0,0,0,1,1,1.0,0.0,0.0,0.0,26.0,0.0,0.0,0.0,1.0,1.0,0.0,22,Online Banking,348,0,15.641818181818183,0.5,0.0,0
969,34,F,Married,Medium,4,1296.96,324.24,410.26,460.77,15.67,208.0049220571475,3,0.5,63,250,0.01593625498007968,2,0,1,0,1,1.0,1.0,1.0,1.0,48.0,0.0,1.0,0.0,0.0,0.0,1.0,20,Online Banking,250,0,64.848,0.25,0.25,0
970,45,M,Single,High,6,748.6800000000001,124.78000000000002,51.995000000000005,426.54,19.71,156.60992497284457,4,0.16666666666666666,69,230,0.025974025974025976,1,1,2,2,0,2.0,2.0,1.0,1.0,185.0,105.0,1.0,1.0,0.0,0.0,2.0,19,Website,284,1,39.404210526315794,0.3333333333333333,0.16666666666666666,0
971,65,M,Married,Low,2,283.95,141.975,141.975,199.31,84.64,81.0839345986614,2,0.5,147,152,0.013071895424836602,1,0,1,0,0,0.0,0.0,0.0,0.0,0.0,0.0,0.0,0.0,0.0,0.0,0.0,19,Mobile App,75,1,14.944736842105263,0.0,0.0,0
972,65,M,Single,High,3,1105.44,368.48,477.3,482.06,146.08,192.61875401943598,1,0.0,246,67,0.04411764705882353,0,0,3,0,0,0.0,0.0,0.0,0.0,0.0,0.0,0.0,0.0,0.0,0.0,0.0,23,Mobile App,66,0,48.06260869565217,0.0,0.0,0
973,68,M,Single,Low,1,56.53,56.53,56.53,56.53,56.53,0.0,1,0.0,24,0,1.0,0,1,0,0,0,0.0,0.0,0.0,0.0,0.0,0.0,0.0,0.0,0.0,0.0,0.0,31,Website,74,0,1.8235483870967741,0.0,0.0,0
974,29,M,Single,High,6,1789.81,298.3016666666667,329.17999999999995,491.98,62.8,148.64235391255974,4,0.5,37,300,0.019933554817275746,1,1,0,2,2,0.0,0.0,0.0,0.0,0.0,0.0,0.0,0.0,0.0,0.0,0.0,46,Mobile App,110,0,38.90891304347826,0.0,0.0,0
975,41,M,Married,High,7,1892.1799999999998,270.31142857142856,275.42,415.87,117.14,99.81740219496992,4,0.42857142857142855,22,257,0.027131782945736434,0,1,2,3,1,0.0,0.0,0.0,0.0,0.0,0.0,0.0,0.0,0.0,0.0,0.0,19,Mobile App,108,1,99.58842105263157,0.0,0.0,0
976,32,F,Divorced,Low,2,557.62,278.81,278.81,411.94,145.68,188.27425155873016,2,0.0,289,72,0.0273972602739726,0,1,1,0,0,0.0,0.0,0.0,0.0,0.0,0.0,0.0,0.0,0.0,0.0,0.0,44,Online Banking,317,0,12.673181818181819,0.0,0.0,0
977,57,M,Widowed,Low,3,772.3399999999999,257.44666666666666,196.65,432.77,142.92,154.1928391117218,2,0.6666666666666666,132,105,0.02830188679245283,1,0,0,2,0,2.0,0.0,1.0,0.0,269.0,34.0,1.0,0.0,1.0,2.0,0.0,20,Online Banking,326,0,38.617,0.6666666666666666,0.3333333333333333,0
978,48,F,Married,Medium,7,1465.5,209.35714285714286,255.78,392.98,9.66,133.69497780573582,5,0.7142857142857143,51,285,0.024475524475524476,1,2,1,1,2,1.0,1.0,1.0,1.0,81.0,0.0,1.0,0.0,0.0,0.0,1.0,26,Mobile App,108,0,56.36538461538461,0.14285714285714285,0.14285714285714285,0
979,44,F,Widowed,Low,7,1711.28,244.46857142857144,220.63,365.35,82.67,97.52606018027035,4,0.14285714285714285,90,215,0.032407407407407406,3,1,0,1,2,1.0,0.0,0.0,0.0,159.0,0.0,0.0,1.0,0.0,1.0,0.0,6,Website,227,1,285.2133333333333,0.14285714285714285,0.0,1
980,52,F,Widowed,Low,8,2079.5,259.9375,279.105,414.75,96.13,110.1979512060002,4,0.25,7,312,0.025559105431309903,0,1,3,2,2,1.0,1.0,1.0,1.0,114.0,0.0,1.0,0.0,0.0,0.0,1.0,28,Online Banking,241,0,74.26785714285714,0.125,0.125,0
981,35,M,Divorced,Medium,1,285.43,285.43,285.43,285.43,285.43,0.0,1,1.0,307,0,1.0,0,1,0,0,0,0.0,0.0,0.0,0.0,0.0,0.0,0.0,0.0,0.0,0.0,0.0,41,Website,99,0,6.961707317073171,0.0,0.0,0
982,53,M,Married,High,6,913.21,152.20166666666668,154.815,273.8,38.63,91.39736613637542,3,0.5,105,223,0.026785714285714284,0,2,1,3,0,1.0,0.0,0.0,0.0,95.0,0.0,0.0,0.0,1.0,1.0,0.0,4,Mobile App,194,1,228.3025,0.16666666666666666,0.0,1
983,25,F,Widowed,Medium,5,1395.3000000000002,279.06000000000006,329.0,449.42,75.68,145.16465478896714,2,0.0,40,263,0.01893939393939394,0,2,0,0,3,2.0,1.0,2.0,0.5,46.0,168.0,2.0,0.0,0.0,1.0,1.0,49,Mobile App,236,0,28.475510204081637,0.4,0.4,0
984,63,F,Divorced,High,8,1127.04,140.88,93.61,388.45,10.73,148.35013053102256,4,0.25,9,341,0.023391812865497075,2,2,3,1,0,1.0,0.0,1.0,0.0,285.0,0.0,1.0,0.0,0.0,1.0,0.0,44,Website,244,0,25.614545454545453,0.125,0.125,0
985,66,F,Divorced,Medium,5,1752.58,350.51599999999996,418.23,476.8,71.24,161.6269768015228,4,0.6,9,277,0.017985611510791366,2,1,0,1,1,2.0,1.0,0.0,0.5,233.0,13.0,0.0,2.0,0.0,1.0,1.0,9,Website,302,0,194.7311111111111,0.4,0.0,1
986,55,F,Single,Low,7,1392.61,198.9442857142857,158.02,389.93,98.39,117.72480436129321,4,0.2857142857142857,83,256,0.027237354085603113,0,3,1,2,1,2.0,0.0,1.0,0.0,217.0,146.0,1.0,0.0,1.0,2.0,0.0,49,Online Banking,53,0,28.420612244897956,0.2857142857142857,0.14285714285714285,0
987,22,M,Married,Low,7,1683.65,240.52142857142857,280.73,415.19,101.04,112.41642131358026,5,0.14285714285714285,9,320,0.021806853582554516,2,1,2,1,1,0.0,0.0,0.0,0.0,0.0,0.0,0.0,0.0,0.0,0.0,0.0,14,Mobile App,206,1,120.26071428571429,0.0,0.0,0
988,31,F,Widowed,High,9,2543.12,282.56888888888886,266.11,471.57,39.42,165.18017279961632,5,0.1111111111111111,33,328,0.02735562310030395,1,4,1,1,2,2.0,2.0,1.0,1.0,262.0,49.0,1.0,0.0,1.0,0.0,2.0,31,Website,320,0,82.03612903225806,0.2222222222222222,0.1111111111111111,0
989,55,M,Divorced,Low,7,1530.42,218.6314285714286,189.19,469.8,38.42,174.88562571278516,5,0.14285714285714285,104,244,0.02857142857142857,1,2,1,2,1,2.0,2.0,2.0,1.0,84.0,65.0,2.0,0.0,0.0,0.0,2.0,29,Website,158,1,52.77310344827586,0.2857142857142857,0.2857142857142857,0
990,37,F,Widowed,High,1,483.5,483.5,483.5,483.5,483.5,0.0,1,0.0,179,0,1.0,0,1,0,0,0,2.0,1.0,1.0,0.5,66.0,38.0,1.0,1.0,0.0,1.0,1.0,49,Mobile App,207,1,9.86734693877551,2.0,1.0,0
991,61,M,Married,Medium,3,801.36,267.12,257.17,342.88,201.31,71.30755990776855,2,0.3333333333333333,8,148,0.020134228187919462,0,1,0,0,2,0.0,0.0,0.0,0.0,0.0,0.0,0.0,0.0,0.0,0.0,0.0,22,Website,105,0,36.42545454545455,0.0,0.0,0
992,26,M,Single,Low,1,311.62,311.62,311.62,311.62,311.62,0.0,1,0.0,269,0,1.0,0,0,1,0,0,1.0,1.0,0.0,1.0,92.0,0.0,0.0,1.0,0.0,0.0,1.0,9,Website,280,0,34.62444444444444,1.0,0.0,1
993,50,F,Widowed,High,1,81.64,81.64,81.64,81.64,81.64,0.0,1,0.0,317,0,1.0,0,1,0,0,0,0.0,0.0,0.0,0.0,0.0,0.0,0.0,0.0,0.0,0.0,0.0,11,Website,4,0,7.421818181818182,0.0,0.0,0
994,35,F,Single,Medium,9,1801.34,200.14888888888888,192.41,336.21,71.78,97.27974537955531,4,0.1111111111111111,15,336,0.026706231454005934,2,2,2,0,3,2.0,2.0,2.0,1.0,181.0,49.0,2.0,0.0,0.0,0.0,2.0,25,Mobile App,161,0,72.0536,0.2222222222222222,0.2222222222222222,0
995,23,F,Divorced,Low,5,1020.0,204.0,124.16,494.9,73.91,172.4547333360265,4,0.4,4,283,0.017605633802816902,0,2,1,1,1,1.0,0.0,0.0,0.0,242.0,0.0,0.0,0.0,1.0,1.0,0.0,34,Website,153,1,30.0,0.2,0.0,0
996,54,F,Single,Low,1,227.25,227.25,227.25,227.25,227.25,0.0,1,1.0,160,0,1.0,1,0,0,0,0,0.0,0.0,0.0,0.0,0.0,0.0,0.0,0.0,0.0,0.0,0.0,38,Mobile App,336,0,5.980263157894737,0.0,0.0,0
997,19,M,Widowed,High,2,419.82,209.91,209.91,334.21,85.61,175.7867458029757,2,0.5,67,80,0.024691358024691357,0,0,1,1,0,0.0,0.0,0.0,0.0,0.0,0.0,0.0,0.0,0.0,0.0,0.0,5,Mobile App,274,0,83.964,0.0,0.0,1
998,47,M,Married,Low,1,252.15,252.15,252.15,252.15,252.15,0.0,1,1.0,104,0,1.0,1,0,0,0,0,0.0,0.0,0.0,0.0,0.0,0.0,0.0,0.0,0.0,0.0,0.0,47,Website,174,0,5.364893617021277,0.0,0.0,0
999,23,M,Widowed,High,9,2393.2599999999998,265.91777777777776,260.06,477.37,79.74,131.78446359280917,4,0.3333333333333333,24,321,0.027950310559006212,1,0,2,4,2,0.0,0.0,0.0,0.0,0.0,0.0,0.0,0.0,0.0,0.0,0.0,23,Website,357,0,104.05478260869565,0.0,0.0,0
1000,34,M,Widowed,Low,6,1670.79,278.465,278.52,477.95,93.73,141.49758340692605,3,0.16666666666666666,18,249,0.024,2,0,0,2,2,0.0,0.0,0.0,0.0,0.0,0.0,0.0,0.0,0.0,0.0,0.0,22,Mobile App,140,0,75.945,0.0,0.0,0
